Time,Brain,CSF,Plasma
1.000000e-01,0.625474,0.034243,0.039877
2.000000e-01,1.122669,0.125409,0.148841
3.000000e-01,1.517892,0.258954,0.313264
4.000000e-01,1.832059,0.423447,0.522173
5.000000e-01,2.081792,0.609922,0.766711
6.000000e-01,2.280307,0.811372,1.039713
7.000000e-01,2.438108,1.022337,1.335371
8.000000e-01,2.563545,1.238586,1.648961
9.000000e-01,2.663256,1.456855,1.976628
1,2.742518,1.674651,2.315217
1.100000e+00,2.805523,1.890083,2.662138
1.200000e+00,2.855606,2.101737,3.015253
1.300000e+00,2.895418,2.308576,3.372791
1.400000e+00,2.927064,2.509856,3.733280
1.500000e+00,2.952220,2.705062,4.095490
1.600000e+00,2.972217,2.893861,4.458387
1.700000e+00,2.988113,3.076058,4.821101
1.800000e+00,3.000748,3.251565,5.182895
1.900000e+00,3.010793,3.420379,5.543142
2,3.018777,3.582558,5.901307
2.100000e+00,3.025123,3.738206,6.256932
2.200000e+00,3.030168,3.887463,6.609624
2.300000e+00,3.034179,4.030496,6.959043
2.400000e+00,3.037366,4.167485,7.304898
2.500000e+00,3.039900,4.298626,7.646936
2.600000e+00,3.041915,4.424120,7.984940
2.700000e+00,3.043516,4.544171,8.318722
2.800000e+00,3.044789,4.658986,8.648122
2.900000e+00,3.045801,4.768767,8.973000
3,3.046605,4.873718,9.293240
3.100000e+00,3.047244,4.974035,9.608742
3.200000e+00,3.047752,5.069911,9.919424
3.300000e+00,3.048156,5.161533,10.225217
3.400000e+00,3.048477,5.249081,10.526066
3.500000e+00,3.048733,5.332731,10.821929
3.600000e+00,3.048936,5.412652,11.112772
3.700000e+00,3.049097,5.489006,11.398574
3.800000e+00,3.049225,5.561950,11.679322
3.900000e+00,3.049327,5.631632,11.955011
4,3.049408,5.698197,12.225642
4.100000e+00,3.049472,5.761784,12.491226
4.200000e+00,3.049524,5.822523,12.751779
4.300000e+00,3.049564,5.880542,13.007321
4.400000e+00,3.049597,5.935961,13.257879
4.500000e+00,3.049622,5.988897,13.503485
4.600000e+00,3.049643,6.039460,13.744174
4.700000e+00,3.049659,6.087757,13.979988
4.800000e+00,3.049672,6.133888,14.210968
4.900000e+00,3.049682,6.177950,14.437162
5,3.049690,6.220037,14.658619
5.100000e+00,3.049697,6.260235,14.875393
5.200000e+00,3.049702,6.298631,15.087537
5.300000e+00,3.049706,6.335305,15.295109
5.400000e+00,3.049709,6.370333,15.498167
5.500000e+00,3.049712,6.403790,15.696773
5.600000e+00,3.049714,6.435746,15.890988
5.700000e+00,3.049716,6.466269,16.080875
5.800000e+00,3.049717,6.495422,16.266500
5.900000e+00,3.049718,6.523267,16.447927
6,3.049719,6.549863,16.625223
6.100000e+00,3.049719,6.575266,16.798455
6.200000e+00,3.049720,6.599529,16.967690
6.300000e+00,3.049720,6.622703,17.132996
6.400000e+00,3.049721,6.644838,17.294440
6.500000e+00,3.049721,6.665980,17.452091
6.600000e+00,3.049721,6.686173,17.606018
6.700000e+00,3.049721,6.705460,17.756287
6.800000e+00,3.049721,6.723881,17.902968
6.900000e+00,3.049722,6.741477,18.046128
7,3.049722,6.758282,18.185835
7.100000e+00,3.049722,6.774334,18.322155
7.200000e+00,3.049722,6.789665,18.455156
7.300000e+00,3.049722,6.804309,18.584904
7.400000e+00,3.049722,6.818296,18.711465
7.500000e+00,3.049722,6.831655,18.834903
7.600000e+00,3.049722,6.844414,18.955284
7.700000e+00,3.049722,6.856601,19.072670
7.800000e+00,3.049722,6.868242,19.187126
7.900000e+00,3.049722,6.879360,19.298714
8,3.054368,6.889953,19.405767
8.100000e+00,3.647055,6.917890,19.302209
8.200000e+00,4.160524,6.983174,19.245355
8.300000e+00,4.602470,7.079398,19.230149
8.400000e+00,4.982857,7.201068,19.250959
8.500000e+00,5.310259,7.343493,19.302897
8.600000e+00,5.592056,7.502666,19.381720
8.700000e+00,5.834602,7.675174,19.483739
8.800000e+00,6.043362,7.858110,19.605747
8.900000e+00,6.223044,8.049003,19.744951
9,6.377698,8.245756,19.898921
9.100000e+00,6.510809,8.446594,20.065534
9.200000e+00,6.625379,8.650018,20.242938
9.300000e+00,6.723991,8.854763,20.429516
9.400000e+00,6.808866,9.059770,20.623851
9.500000e+00,6.881920,9.264151,20.824703
9.600000e+00,6.944797,9.467168,21.030986
9.700000e+00,6.998916,9.668211,21.241744
9.800000e+00,7.045497,9.866775,21.456138
9.900000e+00,7.085589,10.062454,21.673431
10,7.120097,10.254915,21.892971
1.010000e+01,7.149798,10.443897,22.114184
1.020000e+01,7.175362,10.629196,22.336562
1.030000e+01,7.197365,10.810654,22.559659
1.040000e+01,7.216304,10.988158,22.783076
1.050000e+01,7.232604,11.161628,23.006462
1.060000e+01,7.246634,11.331015,23.229505
1.070000e+01,7.258709,11.496294,23.451928
1.080000e+01,7.269103,11.657461,23.673483
1.090000e+01,7.278049,11.814531,23.893954
11,7.285748,11.967530,24.113145
1.110000e+01,7.292376,12.116501,24.330883
1.120000e+01,7.298080,12.261494,24.547014
1.130000e+01,7.302989,12.402566,24.761402
1.140000e+01,7.307215,12.539783,24.973924
1.150000e+01,7.310852,12.673216,25.184474
1.160000e+01,7.313983,12.802937,25.392955
1.170000e+01,7.316677,12.929026,25.599284
1.180000e+01,7.318996,13.051560,25.803385
1.190000e+01,7.320992,13.170621,26.005193
12,7.322710,13.286291,26.204652
1.210000e+01,7.324189,13.398653,26.401710
1.220000e+01,7.325462,13.507789,26.596325
1.230000e+01,7.326557,13.613780,26.788460
1.240000e+01,7.327500,13.716709,26.978084
1.250000e+01,7.328312,13.816657,27.165170
1.260000e+01,7.329010,13.913702,27.349697
1.270000e+01,7.329611,14.007925,27.531647
1.280000e+01,7.330129,14.099401,27.711008
1.290000e+01,7.330574,14.188206,27.887769
13,7.330957,14.274416,28.061924
1.310000e+01,7.331287,14.358102,28.233471
1.320000e+01,7.331571,14.439336,28.402409
1.330000e+01,7.331816,14.518187,28.568740
1.340000e+01,7.332026,14.594724,28.732468
1.350000e+01,7.332207,14.669012,28.893602
1.360000e+01,7.332363,14.741116,29.052150
1.370000e+01,7.332497,14.811099,29.208122
1.380000e+01,7.332613,14.879022,29.361532
1.390000e+01,7.332712,14.944945,29.512395
14,7.332798,15.008927,29.660725
1.410000e+01,7.332871,15.071023,29.806541
1.420000e+01,7.332935,15.131288,29.949860
1.430000e+01,7.332989,15.189776,30.090703
1.440000e+01,7.333036,15.246539,30.229090
1.450000e+01,7.333077,15.301628,30.365043
1.460000e+01,7.333111,15.355091,30.498585
1.470000e+01,7.333141,15.406976,30.629739
1.480000e+01,7.333167,15.457330,30.758530
1.490000e+01,7.333189,15.506197,30.884983
15,7.333208,15.553622,31.009122
1.510000e+01,7.333225,15.599646,31.130975
1.520000e+01,7.333239,15.644310,31.250568
1.530000e+01,7.333251,15.687656,31.367927
1.540000e+01,7.333262,15.729721,31.483081
1.550000e+01,7.333271,15.770544,31.596057
1.560000e+01,7.333278,15.810161,31.706883
1.570000e+01,7.333285,15.848608,31.815588
1.580000e+01,7.333291,15.885919,31.922200
1.590000e+01,7.333296,15.922127,32.026747
16,7.333300,15.957266,32.129260
1.610000e+01,7.333304,15.991366,32.229765
1.620000e+01,7.333307,16.024459,32.328294
1.630000e+01,7.333309,16.056574,32.424874
1.640000e+01,7.333312,16.087740,32.519535
1.650000e+01,7.333314,16.117985,32.612306
1.660000e+01,7.333316,16.147336,32.703216
1.670000e+01,7.333317,16.175820,32.792294
1.680000e+01,7.333318,16.203462,32.879568
1.690000e+01,7.333319,16.230287,32.965068
17,7.333320,16.256320,33.048822
1.710000e+01,7.333321,16.281583,33.130859
1.720000e+01,7.333322,16.306100,33.211207
1.730000e+01,7.333323,16.329892,33.289894
1.740000e+01,7.333323,16.352981,33.366948
1.750000e+01,7.333323,16.375388,33.442397
1.760000e+01,7.333324,16.397132,33.516268
1.770000e+01,7.333324,16.418234,33.588590
1.780000e+01,7.333324,16.438713,33.659388
1.790000e+01,7.333325,16.458586,33.728690
18,7.333325,16.477871,33.796523
1.810000e+01,7.333325,16.496587,33.862912
1.820000e+01,7.333325,16.514750,33.927884
1.830000e+01,7.333325,16.532376,33.991465
1.840000e+01,7.333326,16.549480,34.053680
1.850000e+01,7.333326,16.566080,34.114554
1.860000e+01,7.333326,16.582189,34.174112
1.870000e+01,7.333326,16.597821,34.232379
1.880000e+01,7.333326,16.612992,34.289379
1.890000e+01,7.333326,16.627715,34.345136
19,7.333326,16.642002,34.399674
1.910000e+01,7.333326,16.655867,34.453016
1.920000e+01,7.333326,16.669322,34.505185
1.930000e+01,7.333326,16.682380,34.556204
1.940000e+01,7.333326,16.695051,34.606095
1.950000e+01,7.333326,16.707349,34.654881
1.960000e+01,7.333326,16.719282,34.702583
1.970000e+01,7.333326,16.730863,34.749222
1.980000e+01,7.333326,16.742102,34.794821
1.990000e+01,7.333326,16.753009,34.839399
20,7.333326,16.763593,34.882976
2.010000e+01,7.333326,16.773865,34.925575
2.020000e+01,7.333326,16.783832,34.967213
2.030000e+01,7.333326,16.793506,35.007911
2.040000e+01,7.333326,16.802893,35.047687
2.050000e+01,7.333326,16.812003,35.086562
2.060000e+01,7.333326,16.820844,35.124552
2.070000e+01,7.333326,16.829423,35.161678
2.080000e+01,7.333326,16.837749,35.197956
2.090000e+01,7.333326,16.845829,35.233404
21,7.333326,16.853670,35.268039
2.110000e+01,7.333326,16.861279,35.301880
2.120000e+01,7.333326,16.868664,35.334941
2.130000e+01,7.333326,16.875830,35.367241
2.140000e+01,7.333326,16.882784,35.398794
2.150000e+01,7.333326,16.889533,35.429618
2.160000e+01,7.333326,16.896083,35.459727
2.170000e+01,7.333326,16.902439,35.489137
2.180000e+01,7.333326,16.908606,35.517862
2.190000e+01,7.333326,16.914592,35.545919
22,7.333326,16.920401,35.573320
2.210000e+01,7.333326,16.926038,35.600081
2.220000e+01,7.333326,16.931509,35.626214
2.230000e+01,7.333326,16.936817,35.651735
2.240000e+01,7.333326,16.941969,35.676656
2.250000e+01,7.333326,16.946969,35.700991
2.260000e+01,7.333326,16.951821,35.724752
2.270000e+01,7.333326,16.956529,35.747952
2.280000e+01,7.333326,16.961099,35.770603
2.290000e+01,7.333326,16.965533,35.792718
23,7.333326,16.969836,35.814308
2.310000e+01,7.333326,16.974012,35.835386
2.320000e+01,7.333326,16.978065,35.855962
2.330000e+01,7.333326,16.981998,35.876048
2.340000e+01,7.333326,16.985815,35.895655
2.350000e+01,7.333326,16.989518,35.914794
2.360000e+01,7.333326,16.993113,35.933475
2.370000e+01,7.333326,16.996601,35.951708
2.380000e+01,7.333326,16.999986,35.969504
2.390000e+01,7.333326,17.003271,35.986873
24,7.326217,17.006471,36.008028
2.410000e+01,6.453851,16.962961,36.537878
2.420000e+01,5.755691,16.839313,36.957005
2.430000e+01,5.200717,16.655960,37.281539
2.440000e+01,4.759565,16.428963,37.527376
2.450000e+01,4.408889,16.170919,37.707424
2.460000e+01,4.130135,15.891677,37.832199
2.470000e+01,3.908550,15.598911,37.910306
2.480000e+01,3.732411,15.298571,37.948808
2.490000e+01,3.592397,14.995244,37.953537
25,3.481099,14.692439,37.929330
2.510000e+01,3.392627,14.392819,37.880222
2.520000e+01,3.322299,14.098373,37.809598
2.530000e+01,3.266396,13.810566,37.720318
2.540000e+01,3.221958,13.530446,37.614811
2.550000e+01,3.186634,13.258742,37.495158
2.560000e+01,3.158554,12.995927,37.363150
2.570000e+01,3.136233,12.742280,37.220341
2.580000e+01,3.118491,12.497927,37.068089
2.590000e+01,3.104387,12.262879,36.907586
26,3.093175,12.037060,36.739889
2.610000e+01,3.084263,11.820324,36.565935
2.620000e+01,3.077179,11.612480,36.386564
2.630000e+01,3.071548,11.413300,36.202529
2.640000e+01,3.067072,11.222530,36.014511
2.650000e+01,3.063513,11.039901,35.823127
2.660000e+01,3.060685,10.865134,35.628936
2.670000e+01,3.058436,10.697944,35.432449
2.680000e+01,3.056649,10.538045,35.234133
2.690000e+01,3.055228,10.385154,35.034415
27,3.054099,10.238989,34.833685
2.710000e+01,3.053201,10.099278,34.632304
2.720000e+01,3.052488,9.965751,34.430602
2.730000e+01,3.051921,9.838148,34.228880
2.740000e+01,3.051470,9.716217,34.027419
2.750000e+01,3.051111,9.599716,33.826473
2.760000e+01,3.050826,9.488408,33.626277
2.770000e+01,3.050600,9.382067,33.427048
2.780000e+01,3.050420,9.280477,33.228981
2.790000e+01,3.050277,9.183428,33.032259
28,3.050163,9.090720,32.837046
2.810000e+01,3.050072,9.002161,32.643492
2.820000e+01,3.050001,8.917567,32.451735
2.830000e+01,3.049943,8.836762,32.261898
2.840000e+01,3.049898,8.759577,32.074095
2.850000e+01,3.049862,8.685851,31.888425
2.860000e+01,3.049833,8.615429,31.704980
2.870000e+01,3.049810,8.548165,31.523842
2.880000e+01,3.049792,8.483916,31.345081
2.890000e+01,3.049778,8.422549,31.168762
29,3.049766,8.363933,30.994941
2.910000e+01,3.049757,8.307946,30.823664
2.920000e+01,3.049750,8.254471,30.654975
2.930000e+01,3.049744,8.203394,30.488906
2.940000e+01,3.049740,8.154609,30.325488
2.950000e+01,3.049736,8.108012,30.164742
2.960000e+01,3.049733,8.063505,30.006688
2.970000e+01,3.049731,8.020995,29.851337
2.980000e+01,3.049729,7.980392,29.698699
2.990000e+01,3.049728,7.941611,29.548777
30,3.049726,7.904569,29.401571
3.010000e+01,3.049726,7.869190,29.257079
3.020000e+01,3.049725,7.835397,29.115294
3.030000e+01,3.049724,7.803121,28.976206
3.040000e+01,3.049724,7.772293,28.839801
3.050000e+01,3.049723,7.742848,28.706066
3.060000e+01,3.049723,7.714725,28.574981
3.070000e+01,3.049723,7.687863,28.446528
3.080000e+01,3.049723,7.662206,28.320684
3.090000e+01,3.049723,7.637701,28.197425
31,3.049722,7.614295,28.076725
3.110000e+01,3.049722,7.591939,27.958559
3.120000e+01,3.049722,7.570586,27.842897
3.130000e+01,3.049722,7.550191,27.729709
3.140000e+01,3.049722,7.530711,27.618966
3.150000e+01,3.049722,7.512106,27.510634
3.160000e+01,3.049722,7.494335,27.404681
3.170000e+01,3.049722,7.477361,27.301075
3.180000e+01,3.049722,7.461149,27.199781
3.190000e+01,3.049722,7.445665,27.100763
32,3.054368,7.430911,27.002198
3.210000e+01,3.647055,7.442811,26.689929
3.220000e+01,4.160524,7.492581,26.430017
3.230000e+01,4.602470,7.573749,26.217303
3.240000e+01,4.982857,7.680809,26.046004
3.250000e+01,5.310259,7.809055,25.911085
3.260000e+01,5.592056,7.954469,25.808160
3.270000e+01,5.834602,8.113624,25.733403
3.280000e+01,6.043362,8.283602,25.683470
3.290000e+01,6.223044,8.461920,25.655438
33,6.377698,8.646469,25.646748
3.310000e+01,6.510809,8.835465,25.655153
3.320000e+01,6.625379,9.027395,25.678681
3.330000e+01,6.723991,9.220988,25.715594
3.340000e+01,6.808866,9.415171,25.764364
3.350000e+01,6.881920,9.609048,25.823639
3.360000e+01,6.944797,9.801872,25.892221
3.370000e+01,6.998916,9.993023,25.969053
3.380000e+01,7.045497,10.181988,26.053191
3.390000e+01,7.085589,10.368350,26.143797
34,7.120097,10.551771,26.240123
3.410000e+01,7.149798,10.731980,26.341500
3.420000e+01,7.175362,10.908764,26.447330
3.430000e+01,7.197365,11.081960,26.557075
3.440000e+01,7.216304,11.251446,26.670249
3.450000e+01,7.232604,11.417135,26.786417
3.460000e+01,7.246634,11.578970,26.905184
3.470000e+01,7.258709,11.736921,27.026193
3.480000e+01,7.269103,11.890976,27.149118
3.490000e+01,7.278049,12.041144,27.273667
35,7.285748,12.187447,27.399570
3.510000e+01,7.292376,12.329918,27.526582
3.520000e+01,7.298080,12.468603,27.654479
3.530000e+01,7.302989,12.603554,27.783057
3.540000e+01,7.307215,12.734831,27.912127
3.550000e+01,7.310852,12.862499,28.041518
3.560000e+01,7.313983,12.986627,28.171072
3.570000e+01,7.316677,13.107286,28.300643
3.580000e+01,7.318996,13.224552,28.430096
3.590000e+01,7.320992,13.338501,28.559310
36,7.322710,13.449209,28.688170
3.610000e+01,7.324189,13.556756,28.816573
3.620000e+01,7.325462,13.661219,28.944421
3.630000e+01,7.326557,13.762676,29.071626
3.640000e+01,7.327500,13.861205,29.198107
3.650000e+01,7.328312,13.956882,29.323788
3.660000e+01,7.329010,14.049783,29.448601
3.670000e+01,7.329611,14.139983,29.572481
3.680000e+01,7.330129,14.227556,29.695370
3.690000e+01,7.330574,14.312574,29.817216
37,7.330957,14.395108,29.937968
3.710000e+01,7.331287,14.475227,30.057583
3.720000e+01,7.331571,14.553000,30.176020
3.730000e+01,7.331816,14.628492,30.293242
3.740000e+01,7.332026,14.701768,30.409215
3.750000e+01,7.332207,14.772893,30.523910
3.760000e+01,7.332363,14.841927,30.637299
3.770000e+01,7.332497,14.908930,30.749358
3.780000e+01,7.332613,14.973962,30.860067
3.790000e+01,7.332712,15.037080,30.969405
38,7.332798,15.098338,31.077356
3.810000e+01,7.332871,15.157791,31.183907
3.820000e+01,7.332935,15.215492,31.289045
3.830000e+01,7.332989,15.271492,31.392761
3.840000e+01,7.333036,15.325840,31.495045
3.850000e+01,7.333077,15.378585,31.595892
3.860000e+01,7.333111,15.429774,31.695298
3.870000e+01,7.333141,15.479452,31.793258
3.880000e+01,7.333167,15.527663,31.889772
3.890000e+01,7.333189,15.574452,31.984839
39,7.333208,15.619859,32.078460
3.910000e+01,7.333225,15.663925,32.170637
3.920000e+01,7.333239,15.706691,32.261375
3.930000e+01,7.333251,15.748193,32.350676
3.940000e+01,7.333262,15.788469,32.438548
3.950000e+01,7.333271,15.827555,32.524996
3.960000e+01,7.333278,15.865487,32.610028
3.970000e+01,7.333285,15.902299,32.693651
3.980000e+01,7.333291,15.938023,32.775875
3.990000e+01,7.333296,15.972691,32.856710
40,7.333300,16.006336,32.936165
4.010000e+01,7.333304,16.038986,33.014252
4.020000e+01,7.333307,16.070671,33.090982
4.030000e+01,7.333309,16.101420,33.166367
4.040000e+01,7.333312,16.131261,33.240419
4.050000e+01,7.333314,16.160220,33.313152
4.060000e+01,7.333316,16.188323,33.384578
4.070000e+01,7.333317,16.215595,33.454712
4.080000e+01,7.333318,16.242062,33.523567
4.090000e+01,7.333319,16.267746,33.591157
41,7.333320,16.292672,33.657498
4.110000e+01,7.333321,16.316861,33.722604
4.120000e+01,7.333322,16.340335,33.786490
4.130000e+01,7.333323,16.363115,33.849172
4.140000e+01,7.333323,16.385223,33.910664
4.150000e+01,7.333323,16.406676,33.970982
4.160000e+01,7.333324,16.427496,34.030143
4.170000e+01,7.333324,16.447701,34.088161
4.180000e+01,7.333324,16.467308,34.145053
4.190000e+01,7.333325,16.486336,34.200834
42,7.333325,16.504801,34.255520
4.210000e+01,7.333325,16.522721,34.309128
4.220000e+01,7.333325,16.540112,34.361673
4.230000e+01,7.333325,16.556988,34.413172
4.240000e+01,7.333326,16.573365,34.463640
4.250000e+01,7.333326,16.589259,34.513093
4.260000e+01,7.333326,16.604683,34.561548
4.270000e+01,7.333326,16.619651,34.609019
4.280000e+01,7.333326,16.634176,34.655523
4.290000e+01,7.333326,16.648273,34.701076
43,7.333326,16.661952,34.745692
4.310000e+01,7.333326,16.675228,34.789389
4.320000e+01,7.333326,16.688111,34.832180
4.330000e+01,7.333326,16.700613,34.874082
4.340000e+01,7.333326,16.712746,34.915110
4.350000e+01,7.333326,16.724520,34.955278
4.360000e+01,7.333326,16.735946,34.994602
4.370000e+01,7.333326,16.747035,35.033096
4.380000e+01,7.333326,16.757796,35.070775
4.390000e+01,7.333326,16.768239,35.107654
44,7.333326,16.778373,35.143747
4.410000e+01,7.333326,16.788207,35.179069
4.420000e+01,7.333326,16.797751,35.213633
4.430000e+01,7.333326,16.807013,35.247453
4.440000e+01,7.333326,16.816002,35.280543
4.450000e+01,7.333326,16.824724,35.312917
4.460000e+01,7.333326,16.833189,35.344589
4.470000e+01,7.333326,16.841404,35.375570
4.480000e+01,7.333326,16.849375,35.405875
4.490000e+01,7.333326,16.857112,35.435517
45,7.333326,16.864619,35.464508
4.510000e+01,7.333326,16.871905,35.492860
4.520000e+01,7.333326,16.878975,35.520587
4.530000e+01,7.333326,16.885837,35.547700
4.540000e+01,7.333326,16.892495,35.574212
4.550000e+01,7.333326,16.898957,35.600134
4.560000e+01,7.333326,16.905228,35.625477
4.570000e+01,7.333326,16.911314,35.650255
4.580000e+01,7.333326,16.917219,35.674477
4.590000e+01,7.333326,16.922950,35.698155
46,7.333326,16.928512,35.721301
4.610000e+01,7.333326,16.933910,35.743924
4.620000e+01,7.333326,16.939147,35.766036
4.630000e+01,7.333326,16.944230,35.787647
4.640000e+01,7.333326,16.949163,35.808767
4.650000e+01,7.333326,16.953950,35.829406
4.660000e+01,7.333326,16.958596,35.849575
4.670000e+01,7.333326,16.963104,35.869283
4.680000e+01,7.333326,16.967479,35.888540
4.690000e+01,7.333326,16.971725,35.907355
47,7.333326,16.975845,35.925738
4.710000e+01,7.333326,16.979844,35.943697
4.720000e+01,7.333326,16.983724,35.961242
4.730000e+01,7.333326,16.987490,35.978381
4.740000e+01,7.333326,16.991144,35.995124
4.750000e+01,7.333326,16.994690,36.011478
4.760000e+01,7.333326,16.998132,36.027452
4.770000e+01,7.333326,17.001472,36.043054
4.780000e+01,7.333326,17.004713,36.058292
4.790000e+01,7.333326,17.007858,36.073174
48,7.326217,17.010922,36.091914
4.810000e+01,6.453851,16.967213,36.619480
4.820000e+01,5.755691,16.843374,37.036384
4.830000e+01,5.200717,16.659838,37.358751
4.840000e+01,4.759565,16.432667,37.602477
4.850000e+01,4.408889,16.174457,37.780469
4.860000e+01,4.130135,15.895057,37.903243
4.870000e+01,3.908550,15.602139,37.979399
4.880000e+01,3.732411,15.301654,38.016001
4.890000e+01,3.592397,14.998188,38.018881
49,3.481099,14.695252,37.992873
4.910000e+01,3.392627,14.395506,37.942011
4.920000e+01,3.322299,14.100939,37.869680
4.930000e+01,3.266396,13.813017,37.778738
4.940000e+01,3.221958,13.532787,37.671613
4.950000e+01,3.186634,13.260978,37.550384
4.960000e+01,3.158554,12.998063,37.416842
4.970000e+01,3.136233,12.744320,37.272541
4.980000e+01,3.118491,12.499875,37.118836
4.990000e+01,3.104387,12.264740,36.956920
50,3.093175,12.038837,36.787847
5.010000e+01,3.084263,11.822022,36.612555
5.020000e+01,3.077179,11.614102,36.431881
5.030000e+01,3.071548,11.414849,36.246578
5.040000e+01,3.067072,11.224009,36.057327
5.050000e+01,3.063513,11.041314,35.864742
5.060000e+01,3.060685,10.866483,35.669384
5.070000e+01,3.058436,10.699233,35.471761
5.080000e+01,3.056649,10.539276,35.272340
5.090000e+01,3.055228,10.386329,35.071547
51,3.054099,10.240112,34.869772
5.110000e+01,3.053201,10.100350,34.667375
5.120000e+01,3.052488,9.966775,34.464683
5.130000e+01,3.051921,9.839126,34.261999
5.140000e+01,3.051470,9.717152,34.059602
5.150000e+01,3.051111,9.600608,33.857747
5.160000e+01,3.050826,9.489260,33.656666
5.170000e+01,3.050600,9.382882,33.456576
5.180000e+01,3.050420,9.281255,33.257673
5.190000e+01,3.050277,9.184171,33.060137
52,3.050163,9.091429,32.864133
5.210000e+01,3.050072,9.002838,32.669810
5.220000e+01,3.050001,8.918214,32.477305
5.230000e+01,3.049943,8.837380,32.286741
5.240000e+01,3.049898,8.760167,32.098231
5.250000e+01,3.049862,8.686415,31.911874
5.260000e+01,3.049833,8.615968,31.727761
5.270000e+01,3.049810,8.548679,31.545973
5.280000e+01,3.049792,8.484408,31.366581
5.290000e+01,3.049778,8.423018,31.189649
53,3.049766,8.364381,31.015230
5.310000e+01,3.049757,8.308375,30.843374
5.320000e+01,3.049750,8.254880,30.674121
5.330000e+01,3.049744,8.203785,30.507505
5.340000e+01,3.049740,8.154982,30.343554
5.350000e+01,3.049736,8.108368,30.182291
5.360000e+01,3.049733,8.063845,30.023733
5.370000e+01,3.049731,8.021320,29.867894
5.380000e+01,3.049729,7.980703,29.714781
5.390000e+01,3.049728,7.941907,29.564397
54,3.049726,7.904853,29.416743
5.410000e+01,3.049726,7.869460,29.271815
5.420000e+01,3.049725,7.835656,29.129607
5.430000e+01,3.049724,7.803368,28.990107
5.440000e+01,3.049724,7.772529,28.853302
5.450000e+01,3.049723,7.743074,28.719178
5.460000e+01,3.049723,7.714940,28.587716
5.470000e+01,3.049723,7.688068,28.458896
5.480000e+01,3.049723,7.662402,28.332695
5.490000e+01,3.049723,7.637888,28.209090
55,3.049722,7.614474,28.088054
5.510000e+01,3.049722,7.592110,27.969561
5.520000e+01,3.049722,7.570749,27.853581
5.530000e+01,3.049722,7.550347,27.740085
5.540000e+01,3.049722,7.530860,27.629042
5.550000e+01,3.049722,7.512248,27.520419
5.560000e+01,3.049722,7.494471,27.414183
5.570000e+01,3.049722,7.477491,27.310302
5.580000e+01,3.049722,7.461273,27.208741
5.590000e+01,3.049722,7.445783,27.109464
56,3.054368,7.431024,27.010647
5.610000e+01,3.647055,7.442920,26.698132
5.620000e+01,4.160524,7.492687,26.437980
5.630000e+01,4.602470,7.573853,26.225034
5.640000e+01,4.982857,7.680910,26.053509
5.650000e+01,5.310259,7.809153,25.918372
5.660000e+01,5.592056,7.954564,25.815234
5.670000e+01,5.834602,8.113716,25.740271
5.680000e+01,6.043362,8.283691,25.690137
5.690000e+01,6.223044,8.462006,25.661911
57,6.377698,8.646553,25.653032
5.710000e+01,6.510809,8.835546,25.661254
5.720000e+01,6.625379,9.027474,25.684604
5.730000e+01,6.723991,9.221064,25.721345
5.740000e+01,6.808866,9.415245,25.769947
5.750000e+01,6.881920,9.609121,25.829058
5.760000e+01,6.944797,9.801942,25.897483
5.770000e+01,6.998916,9.993090,25.974161
5.780000e+01,7.045497,10.182054,26.058150
5.790000e+01,7.085589,10.368414,26.148611
58,7.120097,10.551833,26.244797
5.810000e+01,7.149798,10.732040,26.346038
5.820000e+01,7.175362,10.908822,26.451736
5.830000e+01,7.197365,11.082017,26.561352
5.840000e+01,7.216304,11.251501,26.674401
5.850000e+01,7.232604,11.417188,26.790448
5.860000e+01,7.246634,11.579022,26.909097
5.870000e+01,7.258709,11.736971,27.029992
5.880000e+01,7.269103,11.891025,27.152807
5.890000e+01,7.278049,12.041192,27.277248
59,7.285748,12.187493,27.403046
5.910000e+01,7.292376,12.329963,27.529957
5.920000e+01,7.298080,12.468646,27.657755
5.930000e+01,7.302989,12.603596,27.786238
5.940000e+01,7.307215,12.734872,27.915215
5.950000e+01,7.310852,12.862539,28.044517
5.960000e+01,7.313983,12.986665,28.173983
5.970000e+01,7.316677,13.107323,28.303468
5.980000e+01,7.318996,13.224588,28.432840
5.990000e+01,7.320992,13.338536,28.561973
60,7.322710,13.449243,28.690756
6.010000e+01,7.324189,13.556789,28.819083
6.020000e+01,7.325462,13.661251,28.946858
6.030000e+01,7.326557,13.762707,29.073992
6.040000e+01,7.327500,13.861235,29.200404
6.050000e+01,7.328312,13.956911,29.326018
6.060000e+01,7.329010,14.049811,29.450766
6.070000e+01,7.329611,14.140011,29.574583
6.080000e+01,7.330129,14.227583,29.697411
6.090000e+01,7.330574,14.312600,29.819197
61,7.330957,14.395133,29.939891
6.110000e+01,7.331287,14.475252,30.059450
6.120000e+01,7.331571,14.553023,30.177833
6.130000e+01,7.331816,14.628515,30.295002
6.140000e+01,7.332026,14.701791,30.410924
6.150000e+01,7.332207,14.772914,30.525569
6.160000e+01,7.332363,14.841948,30.638909
6.170000e+01,7.332497,14.908951,30.750922
6.180000e+01,7.332613,14.973982,30.861584
6.190000e+01,7.332712,15.037099,30.970878
62,7.332798,15.098357,31.078786
6.210000e+01,7.332871,15.157809,31.185295
6.220000e+01,7.332935,15.215510,31.290393
6.230000e+01,7.332989,15.271509,31.394069
6.240000e+01,7.333036,15.325857,31.496316
6.250000e+01,7.333077,15.378601,31.597126
6.260000e+01,7.333111,15.429789,31.696495
6.270000e+01,7.333141,15.479467,31.794421
6.280000e+01,7.333167,15.527678,31.890901
6.290000e+01,7.333189,15.574466,31.985934
63,7.333208,15.619873,32.079523
6.310000e+01,7.333225,15.663939,32.171670
6.320000e+01,7.333239,15.706704,32.262377
6.330000e+01,7.333251,15.748205,32.351650
6.340000e+01,7.333262,15.788481,32.439493
6.350000e+01,7.333271,15.827567,32.525913
6.360000e+01,7.333278,15.865499,32.610918
6.370000e+01,7.333285,15.902310,32.694516
6.380000e+01,7.333291,15.938034,32.776715
6.390000e+01,7.333296,15.972702,32.857525
64,7.333300,16.006346,32.936956
6.410000e+01,7.333304,16.038996,33.015020
6.420000e+01,7.333307,16.070681,33.091728
6.430000e+01,7.333309,16.101430,33.167091
6.440000e+01,7.333312,16.131270,33.241122
6.450000e+01,7.333314,16.160228,33.313834
6.460000e+01,7.333316,16.188331,33.385240
6.470000e+01,7.333317,16.215604,33.455355
6.480000e+01,7.333318,16.242070,33.524191
6.490000e+01,7.333319,16.267754,33.591763
65,7.333320,16.292680,33.658087
6.510000e+01,7.333321,16.316868,33.723175
6.520000e+01,7.333322,16.340342,33.787045
6.530000e+01,7.333323,16.363122,33.849710
6.540000e+01,7.333323,16.385229,33.911187
6.550000e+01,7.333323,16.406683,33.971490
6.560000e+01,7.333324,16.427502,34.030635
6.570000e+01,7.333324,16.447707,34.088639
6.580000e+01,7.333324,16.467314,34.145517
6.590000e+01,7.333325,16.486342,34.201284
66,7.333325,16.504807,34.255958
6.610000e+01,7.333325,16.522727,34.309553
6.620000e+01,7.333325,16.540117,34.362086
6.630000e+01,7.333325,16.556993,34.413572
6.640000e+01,7.333326,16.573370,34.464029
6.650000e+01,7.333326,16.589264,34.513471
6.660000e+01,7.333326,16.604687,34.561914
6.670000e+01,7.333326,16.619655,34.609375
6.680000e+01,7.333326,16.634181,34.655868
6.690000e+01,7.333326,16.648277,34.701411
67,7.333326,16.661956,34.746018
6.710000e+01,7.333326,16.675232,34.789705
6.720000e+01,7.333326,16.688115,34.832487
6.730000e+01,7.333326,16.700617,34.874380
6.740000e+01,7.333326,16.712750,34.915399
6.750000e+01,7.333326,16.724524,34.955558
6.760000e+01,7.333326,16.735950,34.994874
6.770000e+01,7.333326,16.747038,35.033360
6.780000e+01,7.333326,16.757799,35.071032
6.790000e+01,7.333326,16.768242,35.107903
68,7.333326,16.778376,35.143989
6.810000e+01,7.333326,16.788210,35.179304
6.820000e+01,7.333326,16.797754,35.213861
6.830000e+01,7.333326,16.807016,35.247674
6.840000e+01,7.333326,16.816004,35.280758
6.850000e+01,7.333326,16.824727,35.313126
6.860000e+01,7.333326,16.833191,35.344791
6.870000e+01,7.333326,16.841406,35.375767
6.880000e+01,7.333326,16.849378,35.406066
6.890000e+01,7.333326,16.857114,35.435702
69,7.333326,16.864621,35.464688
6.910000e+01,7.333326,16.871907,35.493035
6.920000e+01,7.333326,16.878977,35.520757
6.930000e+01,7.333326,16.885839,35.547865
6.940000e+01,7.333326,16.892497,35.574371
6.950000e+01,7.333326,16.898959,35.600289
6.960000e+01,7.333326,16.905230,35.625628
6.970000e+01,7.333326,16.911315,35.650401
6.980000e+01,7.333326,16.917221,35.674619
6.990000e+01,7.333326,16.922952,35.698293
70,7.333326,16.928514,35.721435
7.010000e+01,7.333326,16.933911,35.744054
7.020000e+01,7.333326,16.939149,35.766162
7.030000e+01,7.333326,16.944232,35.787769
7.040000e+01,7.333326,16.949165,35.808886
7.050000e+01,7.333326,16.953952,35.829522
7.060000e+01,7.333326,16.958597,35.849687
7.070000e+01,7.333326,16.963106,35.869392
7.080000e+01,7.333326,16.967481,35.888646
7.090000e+01,7.333326,16.971726,35.907458
71,7.333326,16.975847,35.925837
7.110000e+01,7.333326,16.979845,35.943794
7.120000e+01,7.333326,16.983725,35.961336
7.130000e+01,7.333326,16.987491,35.978472
7.140000e+01,7.333326,16.991145,35.995212
7.150000e+01,7.333326,16.994691,36.011564
7.160000e+01,7.333326,16.998133,36.027535
7.170000e+01,7.333326,17.001473,36.043135
7.180000e+01,7.333326,17.004714,36.058370
7.190000e+01,7.333326,17.007859,36.073250
72,7.326217,17.010923,36.091988
7.210000e+01,6.453851,16.967214,36.619552
7.220000e+01,5.755691,16.843375,37.036453
7.230000e+01,5.200717,16.659839,37.358819
7.240000e+01,4.759565,16.432668,37.602543
7.250000e+01,4.408889,16.174458,37.780533
7.260000e+01,4.130135,15.895058,37.903305
7.270000e+01,3.908550,15.602140,37.979459
7.280000e+01,3.732411,15.301655,38.016060
7.290000e+01,3.592397,14.998189,38.018938
73,3.481099,14.695253,37.992928
7.310000e+01,3.392627,14.395506,37.942065
7.320000e+01,3.322299,14.100940,37.869732
7.330000e+01,3.266396,13.813017,37.778788
7.340000e+01,3.221958,13.532788,37.671662
7.350000e+01,3.186634,13.260979,37.550432
7.360000e+01,3.158554,12.998063,37.416889
7.370000e+01,3.136233,12.744320,37.272586
7.380000e+01,3.118491,12.499876,37.118880
7.390000e+01,3.104387,12.264741,36.956963
74,3.093175,12.038837,36.787888
7.410000e+01,3.084263,11.822022,36.612594
7.420000e+01,3.077179,11.614102,36.431919
7.430000e+01,3.071548,11.414849,36.246616
7.440000e+01,3.067072,11.224009,36.057363
7.450000e+01,3.063513,11.041314,35.864778
7.460000e+01,3.060685,10.866484,35.669418
7.470000e+01,3.058436,10.699233,35.471795
7.480000e+01,3.056649,10.539276,35.272373
7.490000e+01,3.055228,10.386330,35.071579
75,3.054099,10.240113,34.869803
7.510000e+01,3.053201,10.100350,34.667404
7.520000e+01,3.052488,9.966775,34.464712
7.530000e+01,3.051921,9.839127,34.262027
7.540000e+01,3.051470,9.717152,34.059629
7.550000e+01,3.051111,9.600609,33.857773
7.560000e+01,3.050826,9.489261,33.656692
7.570000e+01,3.050600,9.382882,33.456601
7.580000e+01,3.050420,9.281255,33.257697
7.590000e+01,3.050277,9.184171,33.060161
76,3.050163,9.091430,32.864156
7.610000e+01,3.050072,9.002839,32.669832
7.620000e+01,3.050001,8.918214,32.477326
7.630000e+01,3.049943,8.837380,32.286762
7.640000e+01,3.049898,8.760167,32.098251
7.650000e+01,3.049862,8.686415,31.911893
7.660000e+01,3.049833,8.615968,31.727780
7.670000e+01,3.049810,8.548679,31.545992
7.680000e+01,3.049792,8.484408,31.366599
7.690000e+01,3.049778,8.423018,31.189666
77,3.049766,8.364382,31.015247
7.710000e+01,3.049757,8.308375,30.843391
7.720000e+01,3.049750,8.254880,30.674137
7.730000e+01,3.049744,8.203785,30.507520
7.740000e+01,3.049740,8.154982,30.343569
7.750000e+01,3.049736,8.108368,30.182305
7.760000e+01,3.049733,8.063845,30.023747
7.770000e+01,3.049731,8.021320,29.867908
7.780000e+01,3.049729,7.980703,29.714794
7.790000e+01,3.049728,7.941907,29.564410
78,3.049726,7.904853,29.416756
7.810000e+01,3.049726,7.869460,29.271828
7.820000e+01,3.049725,7.835656,29.129618
7.830000e+01,3.049724,7.803368,28.990118
7.840000e+01,3.049724,7.772529,28.853313
7.850000e+01,3.049723,7.743074,28.719189
7.860000e+01,3.049723,7.714940,28.587726
7.870000e+01,3.049723,7.688068,28.458906
7.880000e+01,3.049723,7.662402,28.332705
7.890000e+01,3.049723,7.637888,28.209099
79,3.049722,7.614474,28.088063
7.910000e+01,3.049722,7.592110,27.969570
7.920000e+01,3.049722,7.570749,27.853590
7.930000e+01,3.049722,7.550347,27.740093
7.940000e+01,3.049722,7.530860,27.629050
7.950000e+01,3.049722,7.512248,27.520427
7.960000e+01,3.049722,7.494471,27.414191
7.970000e+01,3.049722,7.477491,27.310310
7.980000e+01,3.049722,7.461273,27.208748
7.990000e+01,3.049722,7.445783,27.109471
80,3.054368,7.431024,27.010654
8.010000e+01,3.647055,7.442920,26.698138
8.020000e+01,4.160524,7.492687,26.437987
8.030000e+01,4.602470,7.573853,26.225041
8.040000e+01,4.982857,7.680910,26.053516
8.050000e+01,5.310259,7.809153,25.918378
8.060000e+01,5.592056,7.954564,25.815240
8.070000e+01,5.834602,8.113716,25.740276
8.080000e+01,6.043362,8.283691,25.690143
8.090000e+01,6.223044,8.462006,25.661917
81,6.377698,8.646553,25.653037
8.110000e+01,6.510809,8.835546,25.661259
8.120000e+01,6.625379,9.027474,25.684608
8.130000e+01,6.723991,9.221064,25.721349
8.140000e+01,6.808866,9.415245,25.769951
8.150000e+01,6.881920,9.609121,25.829063
8.160000e+01,6.944797,9.801942,25.897487
8.170000e+01,6.998916,9.993090,25.974165
8.180000e+01,7.045497,10.182054,26.058154
8.190000e+01,7.085589,10.368414,26.148615
82,7.120097,10.551833,26.244801
8.210000e+01,7.149798,10.732040,26.346042
8.220000e+01,7.175362,10.908822,26.451739
8.230000e+01,7.197365,11.082017,26.561355
8.240000e+01,7.216304,11.251501,26.674405
8.250000e+01,7.232604,11.417188,26.790451
8.260000e+01,7.246634,11.579022,26.909101
8.270000e+01,7.258709,11.736971,27.029995
8.280000e+01,7.269103,11.891025,27.152810
8.290000e+01,7.278049,12.041192,27.277251
83,7.285748,12.187493,27.403049
8.310000e+01,7.292376,12.329963,27.529959
8.320000e+01,7.298080,12.468646,27.657758
8.330000e+01,7.302989,12.603596,27.786240
8.340000e+01,7.307215,12.734872,27.915218
8.350000e+01,7.310852,12.862539,28.044519
8.360000e+01,7.313983,12.986665,28.173985
8.370000e+01,7.316677,13.107323,28.303471
8.380000e+01,7.318996,13.224588,28.432842
8.390000e+01,7.320992,13.338536,28.561976
84,7.322710,13.449243,28.690758
8.410000e+01,7.324189,13.556789,28.819085
8.420000e+01,7.325462,13.661251,28.946860
8.430000e+01,7.326557,13.762707,29.073994
8.440000e+01,7.327500,13.861235,29.200406
8.450000e+01,7.328312,13.956911,29.326020
8.460000e+01,7.329010,14.049811,29.450767
8.470000e+01,7.329611,14.140011,29.574584
8.480000e+01,7.330129,14.227583,29.697412
8.490000e+01,7.330574,14.312600,29.819198
85,7.330957,14.395133,29.939893
8.510000e+01,7.331287,14.475252,30.059452
8.520000e+01,7.331571,14.553023,30.177834
8.530000e+01,7.331816,14.628515,30.295003
8.540000e+01,7.332026,14.701791,30.410925
8.550000e+01,7.332207,14.772914,30.525570
8.560000e+01,7.332363,14.841948,30.638911
8.570000e+01,7.332497,14.908951,30.750923
8.580000e+01,7.332613,14.973982,30.861585
8.590000e+01,7.332712,15.037099,30.970879
86,7.332798,15.098357,31.078788
8.610000e+01,7.332871,15.157809,31.185297
8.620000e+01,7.332935,15.215510,31.290394
8.630000e+01,7.332989,15.271509,31.394070
8.640000e+01,7.333036,15.325857,31.496317
8.650000e+01,7.333077,15.378601,31.597127
8.660000e+01,7.333111,15.429789,31.696496
8.670000e+01,7.333141,15.479467,31.794422
8.680000e+01,7.333167,15.527678,31.890901
8.690000e+01,7.333189,15.574466,31.985935
87,7.333208,15.619873,32.079524
8.710000e+01,7.333225,15.663939,32.171671
8.720000e+01,7.333239,15.706704,32.262378
8.730000e+01,7.333251,15.748205,32.351650
8.740000e+01,7.333262,15.788481,32.439494
8.750000e+01,7.333271,15.827567,32.525914
8.760000e+01,7.333278,15.865499,32.610919
8.770000e+01,7.333285,15.902310,32.694516
8.780000e+01,7.333291,15.938034,32.776715
8.790000e+01,7.333296,15.972702,32.857525
88,7.333300,16.006346,32.936957
8.810000e+01,7.333304,16.038996,33.015021
8.820000e+01,7.333307,16.070681,33.091728
8.830000e+01,7.333309,16.101430,33.167091
8.840000e+01,7.333312,16.131270,33.241122
8.850000e+01,7.333314,16.160228,33.313835
8.860000e+01,7.333316,16.188331,33.385241
8.870000e+01,7.333317,16.215604,33.455355
8.880000e+01,7.333318,16.242070,33.524192
8.890000e+01,7.333319,16.267754,33.591764
89,7.333320,16.292680,33.658087
8.910000e+01,7.333321,16.316868,33.723176
8.920000e+01,7.333322,16.340342,33.787045
8.930000e+01,7.333323,16.363122,33.849711
8.940000e+01,7.333323,16.385229,33.911187
8.950000e+01,7.333323,16.406683,33.971490
8.960000e+01,7.333324,16.427502,34.030636
8.970000e+01,7.333324,16.447707,34.088640
8.980000e+01,7.333324,16.467314,34.145517
8.990000e+01,7.333325,16.486342,34.201285
90,7.333325,16.504807,34.255958
9.010000e+01,7.333325,16.522727,34.309553
9.020000e+01,7.333325,16.540117,34.362086
9.030000e+01,7.333325,16.556993,34.413573
9.040000e+01,7.333326,16.573370,34.464029
9.050000e+01,7.333326,16.589264,34.513471
9.060000e+01,7.333326,16.604687,34.561914
9.070000e+01,7.333326,16.619655,34.609375
9.080000e+01,7.333326,16.634181,34.655869
9.090000e+01,7.333326,16.648277,34.701411
91,7.333326,16.661956,34.746018
9.110000e+01,7.333326,16.675232,34.789705
9.120000e+01,7.333326,16.688115,34.832487
9.130000e+01,7.333326,16.700617,34.874380
9.140000e+01,7.333326,16.712750,34.915399
9.150000e+01,7.333326,16.724524,34.955559
9.160000e+01,7.333326,16.735950,34.994874
9.170000e+01,7.333326,16.747038,35.033360
9.180000e+01,7.333326,16.757799,35.071032
9.190000e+01,7.333326,16.768242,35.107904
92,7.333326,16.778376,35.143990
9.210000e+01,7.333326,16.788210,35.179304
9.220000e+01,7.333326,16.797754,35.213861
9.230000e+01,7.333326,16.807016,35.247675
9.240000e+01,7.333326,16.816004,35.280759
9.250000e+01,7.333326,16.824727,35.313126
9.260000e+01,7.333326,16.833191,35.344791
9.270000e+01,7.333326,16.841406,35.375767
9.280000e+01,7.333326,16.849378,35.406067
9.290000e+01,7.333326,16.857114,35.435703
93,7.333326,16.864621,35.464688
9.310000e+01,7.333326,16.871907,35.493035
9.320000e+01,7.333326,16.878977,35.520757
9.330000e+01,7.333326,16.885839,35.547865
9.340000e+01,7.333326,16.892497,35.574372
9.350000e+01,7.333326,16.898959,35.600289
9.360000e+01,7.333326,16.905230,35.625628
9.370000e+01,7.333326,16.911315,35.650401
9.380000e+01,7.333326,16.917221,35.674619
9.390000e+01,7.333326,16.922952,35.698293
94,7.333326,16.928514,35.721435
9.410000e+01,7.333326,16.933911,35.744054
9.420000e+01,7.333326,16.939149,35.766162
9.430000e+01,7.333326,16.944232,35.787769
9.440000e+01,7.333326,16.949165,35.808886
9.450000e+01,7.333326,16.953952,35.829522
9.460000e+01,7.333326,16.958597,35.849687
9.470000e+01,7.333326,16.963106,35.869392
9.480000e+01,7.333326,16.967481,35.888646
9.490000e+01,7.333326,16.971726,35.907458
95,7.333326,16.975847,35.925837
9.510000e+01,7.333326,16.979845,35.943794
9.520000e+01,7.333326,16.983725,35.961336
9.530000e+01,7.333326,16.987491,35.978473
9.540000e+01,7.333326,16.991145,35.995212
9.550000e+01,7.333326,16.994691,36.011564
9.560000e+01,7.333326,16.998133,36.027535
9.570000e+01,7.333326,17.001473,36.043135
9.580000e+01,7.333326,17.004714,36.058371
9.590000e+01,7.333326,17.007859,36.073250
96,7.326217,17.010923,36.091988
9.610000e+01,6.453851,16.967214,36.619552
9.620000e+01,5.755691,16.843375,37.036453
9.630000e+01,5.200717,16.659839,37.358819
9.640000e+01,4.759565,16.432668,37.602543
9.650000e+01,4.408889,16.174458,37.780533
9.660000e+01,4.130135,15.895058,37.903305
9.670000e+01,3.908550,15.602140,37.979459
9.680000e+01,3.732411,15.301655,38.016060
9.690000e+01,3.592397,14.998189,38.018938
97,3.481099,14.695253,37.992928
9.710000e+01,3.392627,14.395506,37.942065
9.720000e+01,3.322299,14.100940,37.869732
9.730000e+01,3.266396,13.813017,37.778788
9.740000e+01,3.221958,13.532788,37.671662
9.750000e+01,3.186634,13.260979,37.550432
9.760000e+01,3.158554,12.998063,37.416889
9.770000e+01,3.136233,12.744320,37.272586
9.780000e+01,3.118491,12.499876,37.118880
9.790000e+01,3.104387,12.264741,36.956963
98,3.093175,12.038837,36.787888
9.810000e+01,3.084263,11.822022,36.612594
9.820000e+01,3.077179,11.614102,36.431919
9.830000e+01,3.071548,11.414849,36.246616
9.840000e+01,3.067072,11.224009,36.057363
9.850000e+01,3.063513,11.041314,35.864778
9.860000e+01,3.060685,10.866484,35.669418
9.870000e+01,3.058436,10.699233,35.471795
9.880000e+01,3.056649,10.539276,35.272373
9.890000e+01,3.055228,10.386330,35.071579
99,3.054099,10.240113,34.869803
9.910000e+01,3.053201,10.100350,34.667404
9.920000e+01,3.052488,9.966775,34.464712
9.930000e+01,3.051921,9.839127,34.262027
9.940000e+01,3.051470,9.717152,34.059629
9.950000e+01,3.051111,9.600609,33.857773
9.960000e+01,3.050826,9.489261,33.656692
9.970000e+01,3.050600,9.382882,33.456601
9.980000e+01,3.050420,9.281255,33.257697
9.990000e+01,3.050277,9.184171,33.060161
100,3.050163,9.091430,32.864156
1.001000e+02,3.050072,9.002839,32.669832
1.002000e+02,3.050001,8.918214,32.477326
1.003000e+02,3.049943,8.837380,32.286762
1.004000e+02,3.049898,8.760167,32.098251
1.005000e+02,3.049862,8.686415,31.911893
1.006000e+02,3.049833,8.615968,31.727780
1.007000e+02,3.049810,8.548679,31.545992
1.008000e+02,3.049792,8.484408,31.366599
1.009000e+02,3.049778,8.423018,31.189666
101,3.049766,8.364382,31.015247
1.011000e+02,3.049757,8.308375,30.843391
1.012000e+02,3.049750,8.254880,30.674137
1.013000e+02,3.049744,8.203785,30.507520
1.014000e+02,3.049740,8.154982,30.343569
1.015000e+02,3.049736,8.108368,30.182305
1.016000e+02,3.049733,8.063845,30.023748
1.017000e+02,3.049731,8.021320,29.867908
1.018000e+02,3.049729,7.980703,29.714794
1.019000e+02,3.049728,7.941907,29.564410
102,3.049726,7.904853,29.416756
1.021000e+02,3.049726,7.869460,29.271828
1.022000e+02,3.049725,7.835656,29.129618
1.023000e+02,3.049724,7.803368,28.990118
1.024000e+02,3.049724,7.772529,28.853313
1.025000e+02,3.049723,7.743074,28.719189
1.026000e+02,3.049723,7.714940,28.587726
1.027000e+02,3.049723,7.688068,28.458906
1.028000e+02,3.049723,7.662402,28.332705
1.029000e+02,3.049723,7.637888,28.209099
103,3.049722,7.614474,28.088064
1.031000e+02,3.049722,7.592110,27.969570
1.032000e+02,3.049722,7.570749,27.853590
1.033000e+02,3.049722,7.550347,27.740094
1.034000e+02,3.049722,7.530860,27.629050
1.035000e+02,3.049722,7.512248,27.520427
1.036000e+02,3.049722,7.494471,27.414191
1.037000e+02,3.049722,7.477491,27.310310
1.038000e+02,3.049722,7.461273,27.208748
1.039000e+02,3.049722,7.445783,27.109471
104,3.054368,7.431024,27.010654
1.041000e+02,3.647055,7.442920,26.698138
1.042000e+02,4.160524,7.492687,26.437987
1.043000e+02,4.602470,7.573853,26.225041
1.044000e+02,4.982857,7.680910,26.053516
1.045000e+02,5.310259,7.809153,25.918378
1.046000e+02,5.592056,7.954564,25.815240
1.047000e+02,5.834602,8.113716,25.740276
1.048000e+02,6.043362,8.283691,25.690143
1.049000e+02,6.223044,8.462006,25.661917
105,6.377698,8.646553,25.653037
1.051000e+02,6.510809,8.835546,25.661259
1.052000e+02,6.625379,9.027474,25.684608
1.053000e+02,6.723991,9.221064,25.721349
1.054000e+02,6.808866,9.415245,25.769951
1.055000e+02,6.881920,9.609121,25.829063
1.056000e+02,6.944797,9.801942,25.897487
1.057000e+02,6.998916,9.993090,25.974165
1.058000e+02,7.045497,10.182054,26.058154
1.059000e+02,7.085589,10.368414,26.148615
106,7.120097,10.551833,26.244801
1.061000e+02,7.149798,10.732040,26.346042
1.062000e+02,7.175362,10.908822,26.451739
1.063000e+02,7.197365,11.082017,26.561355
1.064000e+02,7.216304,11.251501,26.674405
1.065000e+02,7.232604,11.417188,26.790451
1.066000e+02,7.246634,11.579022,26.909101
1.067000e+02,7.258709,11.736971,27.029995
1.068000e+02,7.269103,11.891025,27.152810
1.069000e+02,7.278049,12.041192,27.277251
107,7.285748,12.187493,27.403049
1.071000e+02,7.292376,12.329963,27.529959
1.072000e+02,7.298080,12.468646,27.657758
1.073000e+02,7.302989,12.603596,27.786240
1.074000e+02,7.307215,12.734872,27.915218
1.075000e+02,7.310852,12.862539,28.044519
1.076000e+02,7.313983,12.986665,28.173985
1.077000e+02,7.316677,13.107323,28.303471
1.078000e+02,7.318996,13.224588,28.432842
1.079000e+02,7.320992,13.338536,28.561976
108,7.322710,13.449243,28.690758
1.081000e+02,7.324189,13.556789,28.819085
1.082000e+02,7.325462,13.661251,28.946860
1.083000e+02,7.326557,13.762707,29.073994
1.084000e+02,7.327500,13.861235,29.200406
1.085000e+02,7.328312,13.956911,29.326020
1.086000e+02,7.329010,14.049811,29.450767
1.087000e+02,7.329611,14.140011,29.574584
1.088000e+02,7.330129,14.227583,29.697412
1.089000e+02,7.330574,14.312600,29.819198
109,7.330957,14.395133,29.939893
1.091000e+02,7.331287,14.475252,30.059452
1.092000e+02,7.331571,14.553023,30.177834
1.093000e+02,7.331816,14.628515,30.295003
1.094000e+02,7.332026,14.701791,30.410925
1.095000e+02,7.332207,14.772914,30.525570
1.096000e+02,7.332363,14.841948,30.638911
1.097000e+02,7.332497,14.908951,30.750923
1.098000e+02,7.332613,14.973982,30.861585
1.099000e+02,7.332712,15.037099,30.970879
110,7.332798,15.098357,31.078788
1.101000e+02,7.332871,15.157809,31.185297
1.102000e+02,7.332935,15.215510,31.290394
1.103000e+02,7.332989,15.271509,31.394070
1.104000e+02,7.333036,15.325857,31.496317
1.105000e+02,7.333077,15.378601,31.597127
1.106000e+02,7.333111,15.429789,31.696496
1.107000e+02,7.333141,15.479467,31.794422
1.108000e+02,7.333167,15.527678,31.890901
1.109000e+02,7.333189,15.574466,31.985935
111,7.333208,15.619873,32.079524
1.111000e+02,7.333225,15.663939,32.171671
1.112000e+02,7.333239,15.706704,32.262378
1.113000e+02,7.333251,15.748205,32.351650
1.114000e+02,7.333262,15.788481,32.439494
1.115000e+02,7.333271,15.827567,32.525914
1.116000e+02,7.333278,15.865499,32.610919
1.117000e+02,7.333285,15.902310,32.694516
1.118000e+02,7.333291,15.938034,32.776715
1.119000e+02,7.333296,15.972702,32.857525
112,7.333300,16.006346,32.936957
1.121000e+02,7.333304,16.038996,33.015021
1.122000e+02,7.333307,16.070681,33.091728
1.123000e+02,7.333309,16.101430,33.167091
1.124000e+02,7.333312,16.131270,33.241122
1.125000e+02,7.333314,16.160228,33.313835
1.126000e+02,7.333316,16.188331,33.385241
1.127000e+02,7.333317,16.215604,33.455355
1.128000e+02,7.333318,16.242070,33.524192
1.129000e+02,7.333319,16.267754,33.591764
113,7.333320,16.292680,33.658087
1.131000e+02,7.333321,16.316868,33.723176
1.132000e+02,7.333322,16.340342,33.787045
1.133000e+02,7.333323,16.363122,33.849711
1.134000e+02,7.333323,16.385229,33.911187
1.135000e+02,7.333323,16.406683,33.971490
1.136000e+02,7.333324,16.427502,34.030636
1.137000e+02,7.333324,16.447707,34.088640
1.138000e+02,7.333324,16.467314,34.145517
1.139000e+02,7.333325,16.486342,34.201285
114,7.333325,16.504807,34.255958
1.141000e+02,7.333325,16.522727,34.309553
1.142000e+02,7.333325,16.540117,34.362086
1.143000e+02,7.333325,16.556993,34.413573
1.144000e+02,7.333326,16.573370,34.464029
1.145000e+02,7.333326,16.589264,34.513471
1.146000e+02,7.333326,16.604687,34.561914
1.147000e+02,7.333326,16.619655,34.609375
1.148000e+02,7.333326,16.634181,34.655869
1.149000e+02,7.333326,16.648277,34.701411
115,7.333326,16.661956,34.746018
1.151000e+02,7.333326,16.675232,34.789705
1.152000e+02,7.333326,16.688115,34.832487
1.153000e+02,7.333326,16.700617,34.874380
1.154000e+02,7.333326,16.712750,34.915399
1.155000e+02,7.333326,16.724524,34.955559
1.156000e+02,7.333326,16.735950,34.994874
1.157000e+02,7.333326,16.747038,35.033360
1.158000e+02,7.333326,16.757799,35.071032
1.159000e+02,7.333326,16.768242,35.107904
116,7.333326,16.778376,35.143990
1.161000e+02,7.333326,16.788210,35.179304
1.162000e+02,7.333326,16.797754,35.213861
1.163000e+02,7.333326,16.807016,35.247675
1.164000e+02,7.333326,16.816004,35.280759
1.165000e+02,7.333326,16.824727,35.313126
1.166000e+02,7.333326,16.833191,35.344791
1.167000e+02,7.333326,16.841406,35.375767
1.168000e+02,7.333326,16.849378,35.406067
1.169000e+02,7.333326,16.857114,35.435703
117,7.333326,16.864621,35.464688
1.171000e+02,7.333326,16.871907,35.493035
1.172000e+02,7.333326,16.878977,35.520757
1.173000e+02,7.333326,16.885839,35.547865
1.174000e+02,7.333326,16.892497,35.574372
1.175000e+02,7.333326,16.898959,35.600289
1.176000e+02,7.333326,16.905230,35.625628
1.177000e+02,7.333326,16.911315,35.650401
1.178000e+02,7.333326,16.917221,35.674619
1.179000e+02,7.333326,16.922952,35.698293
118,7.333326,16.928514,35.721435
1.181000e+02,7.333326,16.933911,35.744054
1.182000e+02,7.333326,16.939149,35.766162
1.183000e+02,7.333326,16.944232,35.787769
1.184000e+02,7.333326,16.949165,35.808886
1.185000e+02,7.333326,16.953952,35.829522
1.186000e+02,7.333326,16.958597,35.849687
1.187000e+02,7.333326,16.963106,35.869392
1.188000e+02,7.333326,16.967481,35.888646
1.189000e+02,7.333326,16.971726,35.907458
119,7.333326,16.975847,35.925837
1.191000e+02,7.333326,16.979845,35.943794
1.192000e+02,7.333326,16.983725,35.961336
1.193000e+02,7.333326,16.987491,35.978473
1.194000e+02,7.333326,16.991145,35.995212
1.195000e+02,7.333326,16.994691,36.011564
1.196000e+02,7.333326,16.998133,36.027535
1.197000e+02,7.333326,17.001473,36.043135
1.198000e+02,7.333326,17.004714,36.058371
1.199000e+02,7.333326,17.007859,36.073250
120,7.326217,17.010923,36.091988
1.201000e+02,6.453851,16.967214,36.619552
1.202000e+02,5.755691,16.843375,37.036453
1.203000e+02,5.200717,16.659839,37.358819
1.204000e+02,4.759565,16.432668,37.602543
1.205000e+02,4.408889,16.174458,37.780533
1.206000e+02,4.130135,15.895058,37.903305
1.207000e+02,3.908550,15.602140,37.979459
1.208000e+02,3.732411,15.301655,38.016060
1.209000e+02,3.592397,14.998189,38.018938
121,3.481099,14.695253,37.992928
1.211000e+02,3.392627,14.395506,37.942065
1.212000e+02,3.322299,14.100940,37.869732
1.213000e+02,3.266396,13.813017,37.778788
1.214000e+02,3.221958,13.532788,37.671662
1.215000e+02,3.186634,13.260979,37.550432
1.216000e+02,3.158554,12.998063,37.416889
1.217000e+02,3.136233,12.744320,37.272586
1.218000e+02,3.118491,12.499876,37.118880
1.219000e+02,3.104387,12.264741,36.956963
122,3.093175,12.038837,36.787888
1.221000e+02,3.084263,11.822022,36.612594
1.222000e+02,3.077179,11.614102,36.431919
1.223000e+02,3.071548,11.414849,36.246616
1.224000e+02,3.067072,11.224009,36.057363
1.225000e+02,3.063513,11.041314,35.864778
1.226000e+02,3.060685,10.866484,35.669418
1.227000e+02,3.058436,10.699233,35.471795
1.228000e+02,3.056649,10.539276,35.272373
1.229000e+02,3.055228,10.386330,35.071579
123,3.054099,10.240113,34.869803
1.231000e+02,3.053201,10.100350,34.667404
1.232000e+02,3.052488,9.966775,34.464712
1.233000e+02,3.051921,9.839127,34.262027
1.234000e+02,3.051470,9.717152,34.059629
1.235000e+02,3.051111,9.600609,33.857773
1.236000e+02,3.050826,9.489261,33.656692
1.237000e+02,3.050600,9.382882,33.456601
1.238000e+02,3.050420,9.281255,33.257697
1.239000e+02,3.050277,9.184171,33.060161
124,3.050163,9.091430,32.864156
1.241000e+02,3.050072,9.002839,32.669832
1.242000e+02,3.050001,8.918214,32.477326
1.243000e+02,3.049943,8.837380,32.286762
1.244000e+02,3.049898,8.760167,32.098251
1.245000e+02,3.049862,8.686415,31.911893
1.246000e+02,3.049833,8.615968,31.727780
1.247000e+02,3.049810,8.548679,31.545992
1.248000e+02,3.049792,8.484408,31.366599
1.249000e+02,3.049778,8.423018,31.189666
125,3.049766,8.364382,31.015247
1.251000e+02,3.049757,8.308375,30.843391
1.252000e+02,3.049750,8.254880,30.674137
1.253000e+02,3.049744,8.203785,30.507520
1.254000e+02,3.049740,8.154982,30.343569
1.255000e+02,3.049736,8.108368,30.182305
1.256000e+02,3.049733,8.063845,30.023748
1.257000e+02,3.049731,8.021320,29.867908
1.258000e+02,3.049729,7.980703,29.714794
1.259000e+02,3.049728,7.941907,29.564410
126,3.049726,7.904853,29.416756
1.261000e+02,3.049726,7.869460,29.271828
1.262000e+02,3.049725,7.835656,29.129618
1.263000e+02,3.049724,7.803368,28.990118
1.264000e+02,3.049724,7.772529,28.853313
1.265000e+02,3.049723,7.743074,28.719189
1.266000e+02,3.049723,7.714940,28.587726
1.267000e+02,3.049723,7.688068,28.458906
1.268000e+02,3.049723,7.662402,28.332705
1.269000e+02,3.049723,7.637888,28.209099
127,3.049722,7.614474,28.088064
1.271000e+02,3.049722,7.592110,27.969570
1.272000e+02,3.049722,7.570749,27.853590
1.273000e+02,3.049722,7.550347,27.740094
1.274000e+02,3.049722,7.530860,27.629050
1.275000e+02,3.049722,7.512248,27.520427
1.276000e+02,3.049722,7.494471,27.414191
1.277000e+02,3.049722,7.477491,27.310310
1.278000e+02,3.049722,7.461273,27.208748
1.279000e+02,3.049722,7.445783,27.109471
128,3.054368,7.431024,27.010654
1.281000e+02,3.647055,7.442920,26.698138
1.282000e+02,4.160524,7.492687,26.437987
1.283000e+02,4.602470,7.573853,26.225041
1.284000e+02,4.982857,7.680910,26.053516
1.285000e+02,5.310259,7.809153,25.918378
1.286000e+02,5.592056,7.954564,25.815240
1.287000e+02,5.834602,8.113716,25.740276
1.288000e+02,6.043362,8.283691,25.690143
1.289000e+02,6.223044,8.462006,25.661917
129,6.377698,8.646553,25.653037
1.291000e+02,6.510809,8.835546,25.661259
1.292000e+02,6.625379,9.027474,25.684608
1.293000e+02,6.723991,9.221064,25.721349
1.294000e+02,6.808866,9.415245,25.769951
1.295000e+02,6.881920,9.609121,25.829063
1.296000e+02,6.944797,9.801942,25.897487
1.297000e+02,6.998916,9.993090,25.974165
1.298000e+02,7.045497,10.182054,26.058154
1.299000e+02,7.085589,10.368414,26.148615
130,7.120097,10.551833,26.244801
1.301000e+02,7.149798,10.732040,26.346042
1.302000e+02,7.175362,10.908822,26.451739
1.303000e+02,7.197365,11.082017,26.561355
1.304000e+02,7.216304,11.251501,26.674405
1.305000e+02,7.232604,11.417188,26.790451
1.306000e+02,7.246634,11.579022,26.909101
1.307000e+02,7.258709,11.736971,27.029995
1.308000e+02,7.269103,11.891025,27.152810
1.309000e+02,7.278049,12.041192,27.277251
131,7.285748,12.187493,27.403049
1.311000e+02,7.292376,12.329963,27.529959
1.312000e+02,7.298080,12.468646,27.657758
1.313000e+02,7.302989,12.603596,27.786240
1.314000e+02,7.307215,12.734872,27.915218
1.315000e+02,7.310852,12.862539,28.044519
1.316000e+02,7.313983,12.986665,28.173985
1.317000e+02,7.316677,13.107323,28.303471
1.318000e+02,7.318996,13.224588,28.432842
1.319000e+02,7.320992,13.338536,28.561976
132,7.322710,13.449243,28.690758
1.321000e+02,7.324189,13.556789,28.819085
1.322000e+02,7.325462,13.661251,28.946860
1.323000e+02,7.326557,13.762707,29.073994
1.324000e+02,7.327500,13.861235,29.200406
1.325000e+02,7.328312,13.956911,29.326020
1.326000e+02,7.329010,14.049811,29.450767
1.327000e+02,7.329611,14.140011,29.574584
1.328000e+02,7.330129,14.227583,29.697412
1.329000e+02,7.330574,14.312600,29.819198
133,7.330957,14.395133,29.939893
1.331000e+02,7.331287,14.475252,30.059452
1.332000e+02,7.331571,14.553023,30.177834
1.333000e+02,7.331816,14.628515,30.295003
1.334000e+02,7.332026,14.701791,30.410925
1.335000e+02,7.332207,14.772914,30.525570
1.336000e+02,7.332363,14.841948,30.638911
1.337000e+02,7.332497,14.908951,30.750923
1.338000e+02,7.332613,14.973982,30.861585
1.339000e+02,7.332712,15.037099,30.970879
134,7.332798,15.098357,31.078788
1.341000e+02,7.332871,15.157809,31.185297
1.342000e+02,7.332935,15.215510,31.290394
1.343000e+02,7.332989,15.271509,31.394070
1.344000e+02,7.333036,15.325857,31.496317
1.345000e+02,7.333077,15.378601,31.597127
1.346000e+02,7.333111,15.429789,31.696496
1.347000e+02,7.333141,15.479467,31.794422
1.348000e+02,7.333167,15.527678,31.890901
1.349000e+02,7.333189,15.574466,31.985935
135,7.333208,15.619873,32.079524
1.351000e+02,7.333225,15.663939,32.171671
1.352000e+02,7.333239,15.706704,32.262378
1.353000e+02,7.333251,15.748205,32.351650
1.354000e+02,7.333262,15.788481,32.439494
1.355000e+02,7.333271,15.827567,32.525914
1.356000e+02,7.333278,15.865499,32.610919
1.357000e+02,7.333285,15.902310,32.694516
1.358000e+02,7.333291,15.938034,32.776715
1.359000e+02,7.333296,15.972702,32.857525
136,7.333300,16.006346,32.936957
1.361000e+02,7.333304,16.038996,33.015021
1.362000e+02,7.333307,16.070681,33.091728
1.363000e+02,7.333309,16.101430,33.167091
1.364000e+02,7.333312,16.131270,33.241122
1.365000e+02,7.333314,16.160228,33.313835
1.366000e+02,7.333316,16.188331,33.385241
1.367000e+02,7.333317,16.215604,33.455355
1.368000e+02,7.333318,16.242070,33.524192
1.369000e+02,7.333319,16.267754,33.591764
137,7.333320,16.292680,33.658087
1.371000e+02,7.333321,16.316868,33.723176
1.372000e+02,7.333322,16.340342,33.787045
1.373000e+02,7.333323,16.363122,33.849711
1.374000e+02,7.333323,16.385229,33.911187
1.375000e+02,7.333323,16.406683,33.971490
1.376000e+02,7.333324,16.427502,34.030636
1.377000e+02,7.333324,16.447707,34.088640
1.378000e+02,7.333324,16.467314,34.145517
1.379000e+02,7.333325,16.486342,34.201285
138,7.333325,16.504807,34.255958
1.381000e+02,7.333325,16.522727,34.309553
1.382000e+02,7.333325,16.540117,34.362086
1.383000e+02,7.333325,16.556993,34.413573
1.384000e+02,7.333326,16.573370,34.464029
1.385000e+02,7.333326,16.589264,34.513471
1.386000e+02,7.333326,16.604687,34.561914
1.387000e+02,7.333326,16.619655,34.609375
1.388000e+02,7.333326,16.634181,34.655869
1.389000e+02,7.333326,16.648277,34.701411
139,7.333326,16.661956,34.746018
1.391000e+02,7.333326,16.675232,34.789705
1.392000e+02,7.333326,16.688115,34.832487
1.393000e+02,7.333326,16.700617,34.874380
1.394000e+02,7.333326,16.712750,34.915399
1.395000e+02,7.333326,16.724524,34.955559
1.396000e+02,7.333326,16.735950,34.994874
1.397000e+02,7.333326,16.747038,35.033360
1.398000e+02,7.333326,16.757799,35.071032
1.399000e+02,7.333326,16.768242,35.107904
140,7.333326,16.778376,35.143990
1.401000e+02,7.333326,16.788210,35.179304
1.402000e+02,7.333326,16.797754,35.213861
1.403000e+02,7.333326,16.807016,35.247675
1.404000e+02,7.333326,16.816004,35.280759
1.405000e+02,7.333326,16.824727,35.313126
1.406000e+02,7.333326,16.833191,35.344791
1.407000e+02,7.333326,16.841406,35.375767
1.408000e+02,7.333326,16.849378,35.406067
1.409000e+02,7.333326,16.857114,35.435703
141,7.333326,16.864621,35.464688
1.411000e+02,7.333326,16.871907,35.493035
1.412000e+02,7.333326,16.878977,35.520757
1.413000e+02,7.333326,16.885839,35.547865
1.414000e+02,7.333326,16.892497,35.574372
1.415000e+02,7.333326,16.898959,35.600289
1.416000e+02,7.333326,16.905230,35.625628
1.417000e+02,7.333326,16.911315,35.650401
1.418000e+02,7.333326,16.917221,35.674619
1.419000e+02,7.333326,16.922952,35.698293
142,7.333326,16.928514,35.721435
1.421000e+02,7.333326,16.933911,35.744054
1.422000e+02,7.333326,16.939149,35.766162
1.423000e+02,7.333326,16.944232,35.787769
1.424000e+02,7.333326,16.949165,35.808886
1.425000e+02,7.333326,16.953952,35.829522
1.426000e+02,7.333326,16.958597,35.849687
1.427000e+02,7.333326,16.963106,35.869392
1.428000e+02,7.333326,16.967481,35.888646
1.429000e+02,7.333326,16.971726,35.907458
143,7.333326,16.975847,35.925837
1.431000e+02,7.333326,16.979845,35.943794
1.432000e+02,7.333326,16.983725,35.961336
1.433000e+02,7.333326,16.987491,35.978473
1.434000e+02,7.333326,16.991145,35.995212
1.435000e+02,7.333326,16.994691,36.011564
1.436000e+02,7.333326,16.998133,36.027535
1.437000e+02,7.333326,17.001473,36.043135
1.438000e+02,7.333326,17.004714,36.058371
1.439000e+02,7.333326,17.007859,36.073250
144,7.326217,17.010923,36.091988
1.441000e+02,6.453851,16.967214,36.619552
1.442000e+02,5.755691,16.843375,37.036453
1.443000e+02,5.200717,16.659839,37.358819
1.444000e+02,4.759565,16.432668,37.602543
1.445000e+02,4.408889,16.174458,37.780533
1.446000e+02,4.130135,15.895058,37.903305
1.447000e+02,3.908550,15.602140,37.979459
1.448000e+02,3.732411,15.301655,38.016060
1.449000e+02,3.592397,14.998189,38.018938
145,3.481099,14.695253,37.992928
1.451000e+02,3.392627,14.395506,37.942065
1.452000e+02,3.322299,14.100940,37.869732
1.453000e+02,3.266396,13.813017,37.778788
1.454000e+02,3.221958,13.532788,37.671662
1.455000e+02,3.186634,13.260979,37.550432
1.456000e+02,3.158554,12.998063,37.416889
1.457000e+02,3.136233,12.744320,37.272586
1.458000e+02,3.118491,12.499876,37.118880
1.459000e+02,3.104387,12.264741,36.956963
146,3.093175,12.038837,36.787888
1.461000e+02,3.084263,11.822022,36.612594
1.462000e+02,3.077179,11.614102,36.431919
1.463000e+02,3.071548,11.414849,36.246616
1.464000e+02,3.067072,11.224009,36.057363
1.465000e+02,3.063513,11.041314,35.864778
1.466000e+02,3.060685,10.866484,35.669418
1.467000e+02,3.058436,10.699233,35.471795
1.468000e+02,3.056649,10.539276,35.272373
1.469000e+02,3.055228,10.386330,35.071579
147,3.054099,10.240113,34.869803
1.471000e+02,3.053201,10.100350,34.667404
1.472000e+02,3.052488,9.966775,34.464712
1.473000e+02,3.051921,9.839127,34.262027
1.474000e+02,3.051470,9.717152,34.059629
1.475000e+02,3.051111,9.600609,33.857773
1.476000e+02,3.050826,9.489261,33.656692
1.477000e+02,3.050600,9.382882,33.456601
1.478000e+02,3.050420,9.281255,33.257697
1.479000e+02,3.050277,9.184171,33.060161
148,3.050163,9.091430,32.864156
1.481000e+02,3.050072,9.002839,32.669832
1.482000e+02,3.050001,8.918214,32.477326
1.483000e+02,3.049943,8.837380,32.286762
1.484000e+02,3.049898,8.760167,32.098251
1.485000e+02,3.049862,8.686415,31.911893
1.486000e+02,3.049833,8.615968,31.727780
1.487000e+02,3.049810,8.548679,31.545992
1.488000e+02,3.049792,8.484408,31.366599
1.489000e+02,3.049778,8.423018,31.189666
149,3.049766,8.364382,31.015247
1.491000e+02,3.049757,8.308375,30.843391
1.492000e+02,3.049750,8.254880,30.674137
1.493000e+02,3.049744,8.203785,30.507520
1.494000e+02,3.049740,8.154982,30.343569
1.495000e+02,3.049736,8.108368,30.182305
1.496000e+02,3.049733,8.063845,30.023748
1.497000e+02,3.049731,8.021320,29.867908
1.498000e+02,3.049729,7.980703,29.714794
1.499000e+02,3.049728,7.941907,29.564410
150,3.049726,7.904853,29.416756
1.501000e+02,3.049726,7.869460,29.271828
1.502000e+02,3.049725,7.835656,29.129618
1.503000e+02,3.049724,7.803368,28.990118
1.504000e+02,3.049724,7.772529,28.853313
1.505000e+02,3.049723,7.743074,28.719189
1.506000e+02,3.049723,7.714940,28.587726
1.507000e+02,3.049723,7.688068,28.458906
1.508000e+02,3.049723,7.662402,28.332705
1.509000e+02,3.049723,7.637888,28.209099
151,3.049722,7.614474,28.088064
1.511000e+02,3.049722,7.592110,27.969570
1.512000e+02,3.049722,7.570749,27.853590
1.513000e+02,3.049722,7.550347,27.740094
1.514000e+02,3.049722,7.530860,27.629050
1.515000e+02,3.049722,7.512248,27.520427
1.516000e+02,3.049722,7.494471,27.414191
1.517000e+02,3.049722,7.477491,27.310310
1.518000e+02,3.049722,7.461273,27.208748
1.519000e+02,3.049722,7.445783,27.109471
152,3.054368,7.431024,27.010654
1.521000e+02,3.647055,7.442920,26.698138
1.522000e+02,4.160524,7.492687,26.437987
1.523000e+02,4.602470,7.573853,26.225041
1.524000e+02,4.982857,7.680910,26.053516
1.525000e+02,5.310259,7.809153,25.918378
1.526000e+02,5.592056,7.954564,25.815240
1.527000e+02,5.834602,8.113716,25.740276
1.528000e+02,6.043362,8.283691,25.690143
1.529000e+02,6.223044,8.462006,25.661917
153,6.377698,8.646553,25.653037
1.531000e+02,6.510809,8.835546,25.661259
1.532000e+02,6.625379,9.027474,25.684608
1.533000e+02,6.723991,9.221064,25.721349
1.534000e+02,6.808866,9.415245,25.769951
1.535000e+02,6.881920,9.609121,25.829063
1.536000e+02,6.944797,9.801942,25.897487
1.537000e+02,6.998916,9.993090,25.974165
1.538000e+02,7.045497,10.182054,26.058154
1.539000e+02,7.085589,10.368414,26.148615
154,7.120097,10.551833,26.244801
1.541000e+02,7.149798,10.732040,26.346042
1.542000e+02,7.175362,10.908822,26.451739
1.543000e+02,7.197365,11.082017,26.561355
1.544000e+02,7.216304,11.251501,26.674405
1.545000e+02,7.232604,11.417188,26.790451
1.546000e+02,7.246634,11.579022,26.909101
1.547000e+02,7.258709,11.736971,27.029995
1.548000e+02,7.269103,11.891025,27.152810
1.549000e+02,7.278049,12.041192,27.277251
155,7.285748,12.187493,27.403049
1.551000e+02,7.292376,12.329963,27.529959
1.552000e+02,7.298080,12.468646,27.657758
1.553000e+02,7.302989,12.603596,27.786240
1.554000e+02,7.307215,12.734872,27.915218
1.555000e+02,7.310852,12.862539,28.044519
1.556000e+02,7.313983,12.986665,28.173985
1.557000e+02,7.316677,13.107323,28.303471
1.558000e+02,7.318996,13.224588,28.432842
1.559000e+02,7.320992,13.338536,28.561976
156,7.322710,13.449243,28.690758
1.561000e+02,7.324189,13.556789,28.819085
1.562000e+02,7.325462,13.661251,28.946860
1.563000e+02,7.326557,13.762707,29.073994
1.564000e+02,7.327500,13.861235,29.200406
1.565000e+02,7.328312,13.956911,29.326020
1.566000e+02,7.329010,14.049811,29.450767
1.567000e+02,7.329611,14.140011,29.574584
1.568000e+02,7.330129,14.227583,29.697412
1.569000e+02,7.330574,14.312600,29.819198
157,7.330957,14.395133,29.939893
1.571000e+02,7.331287,14.475252,30.059452
1.572000e+02,7.331571,14.553023,30.177834
1.573000e+02,7.331816,14.628515,30.295003
1.574000e+02,7.332026,14.701791,30.410925
1.575000e+02,7.332207,14.772914,30.525570
1.576000e+02,7.332363,14.841948,30.638911
1.577000e+02,7.332497,14.908951,30.750923
1.578000e+02,7.332613,14.973982,30.861585
1.579000e+02,7.332712,15.037099,30.970879
158,7.332798,15.098357,31.078788
1.581000e+02,7.332871,15.157809,31.185297
1.582000e+02,7.332935,15.215510,31.290394
1.583000e+02,7.332989,15.271509,31.394070
1.584000e+02,7.333036,15.325857,31.496317
1.585000e+02,7.333077,15.378601,31.597127
1.586000e+02,7.333111,15.429789,31.696496
1.587000e+02,7.333141,15.479467,31.794422
1.588000e+02,7.333167,15.527678,31.890901
1.589000e+02,7.333189,15.574466,31.985935
159,7.333208,15.619873,32.079524
1.591000e+02,7.333225,15.663939,32.171671
1.592000e+02,7.333239,15.706704,32.262378
1.593000e+02,7.333251,15.748205,32.351650
1.594000e+02,7.333262,15.788481,32.439494
1.595000e+02,7.333271,15.827567,32.525914
1.596000e+02,7.333278,15.865499,32.610919
1.597000e+02,7.333285,15.902310,32.694516
1.598000e+02,7.333291,15.938034,32.776715
1.599000e+02,7.333296,15.972702,32.857525
160,7.333300,16.006346,32.936957
1.601000e+02,7.333304,16.038996,33.015021
1.602000e+02,7.333307,16.070681,33.091728
1.603000e+02,7.333309,16.101430,33.167091
1.604000e+02,7.333312,16.131270,33.241122
1.605000e+02,7.333314,16.160228,33.313835
1.606000e+02,7.333316,16.188331,33.385241
1.607000e+02,7.333317,16.215604,33.455355
1.608000e+02,7.333318,16.242070,33.524192
1.609000e+02,7.333319,16.267754,33.591764
161,7.333320,16.292680,33.658087
1.611000e+02,7.333321,16.316868,33.723176
1.612000e+02,7.333322,16.340342,33.787045
1.613000e+02,7.333323,16.363122,33.849711
1.614000e+02,7.333323,16.385229,33.911187
1.615000e+02,7.333323,16.406683,33.971490
1.616000e+02,7.333324,16.427502,34.030636
1.617000e+02,7.333324,16.447707,34.088640
1.618000e+02,7.333324,16.467314,34.145517
1.619000e+02,7.333325,16.486342,34.201285
162,7.333325,16.504807,34.255958
1.621000e+02,7.333325,16.522727,34.309553
1.622000e+02,7.333325,16.540117,34.362086
1.623000e+02,7.333325,16.556993,34.413573
1.624000e+02,7.333326,16.573370,34.464029
1.625000e+02,7.333326,16.589264,34.513471
1.626000e+02,7.333326,16.604687,34.561914
1.627000e+02,7.333326,16.619655,34.609375
1.628000e+02,7.333326,16.634181,34.655869
1.629000e+02,7.333326,16.648277,34.701411
163,7.333326,16.661956,34.746018
1.631000e+02,7.333326,16.675232,34.789705
1.632000e+02,7.333326,16.688115,34.832487
1.633000e+02,7.333326,16.700617,34.874380
1.634000e+02,7.333326,16.712750,34.915399
1.635000e+02,7.333326,16.724524,34.955559
1.636000e+02,7.333326,16.735950,34.994874
1.637000e+02,7.333326,16.747038,35.033360
1.638000e+02,7.333326,16.757799,35.071032
1.639000e+02,7.333326,16.768242,35.107904
164,7.333326,16.778376,35.143990
1.641000e+02,7.333326,16.788210,35.179304
1.642000e+02,7.333326,16.797754,35.213861
1.643000e+02,7.333326,16.807016,35.247675
1.644000e+02,7.333326,16.816004,35.280759
1.645000e+02,7.333326,16.824727,35.313126
1.646000e+02,7.333326,16.833191,35.344791
1.647000e+02,7.333326,16.841406,35.375767
1.648000e+02,7.333326,16.849378,35.406067
1.649000e+02,7.333326,16.857114,35.435703
165,7.333326,16.864621,35.464688
1.651000e+02,7.333326,16.871907,35.493035
1.652000e+02,7.333326,16.878977,35.520757
1.653000e+02,7.333326,16.885839,35.547865
1.654000e+02,7.333326,16.892497,35.574372
1.655000e+02,7.333326,16.898959,35.600289
1.656000e+02,7.333326,16.905230,35.625628
1.657000e+02,7.333326,16.911315,35.650401
1.658000e+02,7.333326,16.917221,35.674619
1.659000e+02,7.333326,16.922952,35.698293
166,7.333326,16.928514,35.721435
1.661000e+02,7.333326,16.933911,35.744054
1.662000e+02,7.333326,16.939149,35.766162
1.663000e+02,7.333326,16.944232,35.787769
1.664000e+02,7.333326,16.949165,35.808886
1.665000e+02,7.333326,16.953952,35.829522
1.666000e+02,7.333326,16.958597,35.849687
1.667000e+02,7.333326,16.963106,35.869392
1.668000e+02,7.333326,16.967481,35.888646
1.669000e+02,7.333326,16.971726,35.907458
167,7.333326,16.975847,35.925837
1.671000e+02,7.333326,16.979845,35.943794
1.672000e+02,7.333326,16.983725,35.961336
1.673000e+02,7.333326,16.987491,35.978473
1.674000e+02,7.333326,16.991145,35.995212
1.675000e+02,7.333326,16.994691,36.011564
1.676000e+02,7.333326,16.998133,36.027535
1.677000e+02,7.333326,17.001473,36.043135
1.678000e+02,7.333326,17.004714,36.058371
1.679000e+02,7.333326,17.007859,36.073250
168,7.326217,17.010923,36.091988
1.681000e+02,6.453851,16.967214,36.619552
1.682000e+02,5.755691,16.843375,37.036453
1.683000e+02,5.200717,16.659839,37.358819
1.684000e+02,4.759565,16.432668,37.602543
1.685000e+02,4.408889,16.174458,37.780533
1.686000e+02,4.130135,15.895058,37.903305
1.687000e+02,3.908550,15.602140,37.979459
1.688000e+02,3.732411,15.301655,38.016060
1.689000e+02,3.592397,14.998189,38.018938
169,3.481099,14.695253,37.992928
1.691000e+02,3.392627,14.395506,37.942065
1.692000e+02,3.322299,14.100940,37.869732
1.693000e+02,3.266396,13.813017,37.778788
1.694000e+02,3.221958,13.532788,37.671662
1.695000e+02,3.186634,13.260979,37.550432
1.696000e+02,3.158554,12.998063,37.416889
1.697000e+02,3.136233,12.744320,37.272586
1.698000e+02,3.118491,12.499876,37.118880
1.699000e+02,3.104387,12.264741,36.956963
170,3.093175,12.038837,36.787888
1.701000e+02,3.084263,11.822022,36.612594
1.702000e+02,3.077179,11.614102,36.431919
1.703000e+02,3.071548,11.414849,36.246616
1.704000e+02,3.067072,11.224009,36.057363
1.705000e+02,3.063513,11.041314,35.864778
1.706000e+02,3.060685,10.866484,35.669418
1.707000e+02,3.058436,10.699233,35.471795
1.708000e+02,3.056649,10.539276,35.272373
1.709000e+02,3.055228,10.386330,35.071579
171,3.054099,10.240113,34.869803
1.711000e+02,3.053201,10.100350,34.667404
1.712000e+02,3.052488,9.966775,34.464712
1.713000e+02,3.051921,9.839127,34.262027
1.714000e+02,3.051470,9.717152,34.059629
1.715000e+02,3.051111,9.600609,33.857773
1.716000e+02,3.050826,9.489261,33.656692
1.717000e+02,3.050600,9.382882,33.456601
1.718000e+02,3.050420,9.281255,33.257697
1.719000e+02,3.050277,9.184171,33.060161
172,3.050163,9.091430,32.864156
1.721000e+02,3.050072,9.002839,32.669832
1.722000e+02,3.050001,8.918214,32.477326
1.723000e+02,3.049943,8.837380,32.286762
1.724000e+02,3.049898,8.760167,32.098251
1.725000e+02,3.049862,8.686415,31.911893
1.726000e+02,3.049833,8.615968,31.727780
1.727000e+02,3.049810,8.548679,31.545992
1.728000e+02,3.049792,8.484408,31.366599
1.729000e+02,3.049778,8.423018,31.189666
173,3.049766,8.364382,31.015247
1.731000e+02,3.049757,8.308375,30.843391
1.732000e+02,3.049750,8.254880,30.674137
1.733000e+02,3.049744,8.203785,30.507520
1.734000e+02,3.049740,8.154982,30.343569
1.735000e+02,3.049736,8.108368,30.182305
1.736000e+02,3.049733,8.063845,30.023748
1.737000e+02,3.049731,8.021320,29.867908
1.738000e+02,3.049729,7.980703,29.714794
1.739000e+02,3.049728,7.941907,29.564410
174,3.049726,7.904853,29.416756
1.741000e+02,3.049726,7.869460,29.271828
1.742000e+02,3.049725,7.835656,29.129618
1.743000e+02,3.049724,7.803368,28.990118
1.744000e+02,3.049724,7.772529,28.853313
1.745000e+02,3.049723,7.743074,28.719189
1.746000e+02,3.049723,7.714940,28.587726
1.747000e+02,3.049723,7.688068,28.458906
1.748000e+02,3.049723,7.662402,28.332705
1.749000e+02,3.049723,7.637888,28.209099
175,3.049722,7.614474,28.088064
1.751000e+02,3.049722,7.592110,27.969570
1.752000e+02,3.049722,7.570749,27.853590
1.753000e+02,3.049722,7.550347,27.740094
1.754000e+02,3.049722,7.530860,27.629050
1.755000e+02,3.049722,7.512248,27.520427
1.756000e+02,3.049722,7.494471,27.414191
1.757000e+02,3.049722,7.477491,27.310310
1.758000e+02,3.049722,7.461273,27.208748
1.759000e+02,3.049722,7.445783,27.109471
176,3.054368,7.431024,27.010654
1.761000e+02,3.647055,7.442920,26.698138
1.762000e+02,4.160524,7.492687,26.437987
1.763000e+02,4.602470,7.573853,26.225041
1.764000e+02,4.982857,7.680910,26.053516
1.765000e+02,5.310259,7.809153,25.918378
1.766000e+02,5.592056,7.954564,25.815240
1.767000e+02,5.834602,8.113716,25.740276
1.768000e+02,6.043362,8.283691,25.690143
1.769000e+02,6.223044,8.462006,25.661917
177,6.377698,8.646553,25.653037
1.771000e+02,6.510809,8.835546,25.661259
1.772000e+02,6.625379,9.027474,25.684608
1.773000e+02,6.723991,9.221064,25.721349
1.774000e+02,6.808866,9.415245,25.769951
1.775000e+02,6.881920,9.609121,25.829063
1.776000e+02,6.944797,9.801942,25.897487
1.777000e+02,6.998916,9.993090,25.974165
1.778000e+02,7.045497,10.182054,26.058154
1.779000e+02,7.085589,10.368414,26.148615
178,7.120097,10.551833,26.244801
1.781000e+02,7.149798,10.732040,26.346042
1.782000e+02,7.175362,10.908822,26.451739
1.783000e+02,7.197365,11.082017,26.561355
1.784000e+02,7.216304,11.251501,26.674405
1.785000e+02,7.232604,11.417188,26.790451
1.786000e+02,7.246634,11.579022,26.909101
1.787000e+02,7.258709,11.736971,27.029995
1.788000e+02,7.269103,11.891025,27.152810
1.789000e+02,7.278049,12.041192,27.277251
179,7.285748,12.187493,27.403049
1.791000e+02,7.292376,12.329963,27.529959
1.792000e+02,7.298080,12.468646,27.657758
1.793000e+02,7.302989,12.603596,27.786240
1.794000e+02,7.307215,12.734872,27.915218
1.795000e+02,7.310852,12.862539,28.044519
1.796000e+02,7.313983,12.986665,28.173985
1.797000e+02,7.316677,13.107323,28.303471
1.798000e+02,7.318996,13.224588,28.432842
1.799000e+02,7.320992,13.338536,28.561976
180,7.322710,13.449243,28.690758
1.801000e+02,7.324189,13.556789,28.819085
1.802000e+02,7.325462,13.661251,28.946860
1.803000e+02,7.326557,13.762707,29.073994
1.804000e+02,7.327500,13.861235,29.200406
1.805000e+02,7.328312,13.956911,29.326020
1.806000e+02,7.329010,14.049811,29.450767
1.807000e+02,7.329611,14.140011,29.574584
1.808000e+02,7.330129,14.227583,29.697412
1.809000e+02,7.330574,14.312600,29.819198
181,7.330957,14.395133,29.939893
1.811000e+02,7.331287,14.475252,30.059452
1.812000e+02,7.331571,14.553023,30.177834
1.813000e+02,7.331816,14.628515,30.295003
1.814000e+02,7.332026,14.701791,30.410925
1.815000e+02,7.332207,14.772914,30.525570
1.816000e+02,7.332363,14.841948,30.638911
1.817000e+02,7.332497,14.908951,30.750923
1.818000e+02,7.332613,14.973982,30.861585
1.819000e+02,7.332712,15.037099,30.970879
182,7.332798,15.098357,31.078788
1.821000e+02,7.332871,15.157809,31.185297
1.822000e+02,7.332935,15.215510,31.290394
1.823000e+02,7.332989,15.271509,31.394070
1.824000e+02,7.333036,15.325857,31.496317
1.825000e+02,7.333077,15.378601,31.597127
1.826000e+02,7.333111,15.429789,31.696496
1.827000e+02,7.333141,15.479467,31.794422
1.828000e+02,7.333167,15.527678,31.890901
1.829000e+02,7.333189,15.574466,31.985935
183,7.333208,15.619873,32.079524
1.831000e+02,7.333225,15.663939,32.171671
1.832000e+02,7.333239,15.706704,32.262378
1.833000e+02,7.333251,15.748205,32.351650
1.834000e+02,7.333262,15.788481,32.439494
1.835000e+02,7.333271,15.827567,32.525914
1.836000e+02,7.333278,15.865499,32.610919
1.837000e+02,7.333285,15.902310,32.694516
1.838000e+02,7.333291,15.938034,32.776715
1.839000e+02,7.333296,15.972702,32.857525
184,7.333300,16.006346,32.936957
1.841000e+02,7.333304,16.038996,33.015021
1.842000e+02,7.333307,16.070681,33.091728
1.843000e+02,7.333309,16.101430,33.167091
1.844000e+02,7.333312,16.131270,33.241122
1.845000e+02,7.333314,16.160228,33.313835
1.846000e+02,7.333316,16.188331,33.385241
1.847000e+02,7.333317,16.215604,33.455355
1.848000e+02,7.333318,16.242070,33.524192
1.849000e+02,7.333319,16.267754,33.591764
185,7.333320,16.292680,33.658087
1.851000e+02,7.333321,16.316868,33.723176
1.852000e+02,7.333322,16.340342,33.787045
1.853000e+02,7.333323,16.363122,33.849711
1.854000e+02,7.333323,16.385229,33.911187
1.855000e+02,7.333323,16.406683,33.971490
1.856000e+02,7.333324,16.427502,34.030636
1.857000e+02,7.333324,16.447707,34.088640
1.858000e+02,7.333324,16.467314,34.145517
1.859000e+02,7.333325,16.486342,34.201285
186,7.333325,16.504807,34.255958
1.861000e+02,7.333325,16.522727,34.309553
1.862000e+02,7.333325,16.540117,34.362086
1.863000e+02,7.333325,16.556993,34.413573
1.864000e+02,7.333326,16.573370,34.464029
1.865000e+02,7.333326,16.589264,34.513471
1.866000e+02,7.333326,16.604687,34.561914
1.867000e+02,7.333326,16.619655,34.609375
1.868000e+02,7.333326,16.634181,34.655869
1.869000e+02,7.333326,16.648277,34.701411
187,7.333326,16.661956,34.746018
1.871000e+02,7.333326,16.675232,34.789705
1.872000e+02,7.333326,16.688115,34.832487
1.873000e+02,7.333326,16.700617,34.874380
1.874000e+02,7.333326,16.712750,34.915399
1.875000e+02,7.333326,16.724524,34.955559
1.876000e+02,7.333326,16.735950,34.994874
1.877000e+02,7.333326,16.747038,35.033360
1.878000e+02,7.333326,16.757799,35.071032
1.879000e+02,7.333326,16.768242,35.107904
188,7.333326,16.778376,35.143990
1.881000e+02,7.333326,16.788210,35.179304
1.882000e+02,7.333326,16.797754,35.213861
1.883000e+02,7.333326,16.807016,35.247675
1.884000e+02,7.333326,16.816004,35.280759
1.885000e+02,7.333326,16.824727,35.313126
1.886000e+02,7.333326,16.833191,35.344791
1.887000e+02,7.333326,16.841406,35.375767
1.888000e+02,7.333326,16.849378,35.406067
1.889000e+02,7.333326,16.857114,35.435703
189,7.333326,16.864621,35.464688
1.891000e+02,7.333326,16.871907,35.493035
1.892000e+02,7.333326,16.878977,35.520757
1.893000e+02,7.333326,16.885839,35.547865
1.894000e+02,7.333326,16.892497,35.574372
1.895000e+02,7.333326,16.898959,35.600289
1.896000e+02,7.333326,16.905230,35.625628
1.897000e+02,7.333326,16.911315,35.650401
1.898000e+02,7.333326,16.917221,35.674619
1.899000e+02,7.333326,16.922952,35.698293
190,7.333326,16.928514,35.721435
1.901000e+02,7.333326,16.933911,35.744054
1.902000e+02,7.333326,16.939149,35.766162
1.903000e+02,7.333326,16.944232,35.787769
1.904000e+02,7.333326,16.949165,35.808886
1.905000e+02,7.333326,16.953952,35.829522
1.906000e+02,7.333326,16.958597,35.849687
1.907000e+02,7.333326,16.963106,35.869392
1.908000e+02,7.333326,16.967481,35.888646
1.909000e+02,7.333326,16.971726,35.907458
191,7.333326,16.975847,35.925837
1.911000e+02,7.333326,16.979845,35.943794
1.912000e+02,7.333326,16.983725,35.961336
1.913000e+02,7.333326,16.987491,35.978473
1.914000e+02,7.333326,16.991145,35.995212
1.915000e+02,7.333326,16.994691,36.011564
1.916000e+02,7.333326,16.998133,36.027535
1.917000e+02,7.333326,17.001473,36.043135
1.918000e+02,7.333326,17.004714,36.058371
1.919000e+02,7.333326,17.007859,36.073250
192,7.326217,17.010923,36.091988
1.921000e+02,6.453851,16.967214,36.619552
1.922000e+02,5.755691,16.843375,37.036453
1.923000e+02,5.200717,16.659839,37.358819
1.924000e+02,4.759565,16.432668,37.602543
1.925000e+02,4.408889,16.174458,37.780533
1.926000e+02,4.130135,15.895058,37.903305
1.927000e+02,3.908550,15.602140,37.979459
1.928000e+02,3.732411,15.301655,38.016060
1.929000e+02,3.592397,14.998189,38.018938
193,3.481099,14.695253,37.992928
1.931000e+02,3.392627,14.395506,37.942065
1.932000e+02,3.322299,14.100940,37.869732
1.933000e+02,3.266396,13.813017,37.778788
1.934000e+02,3.221958,13.532788,37.671662
1.935000e+02,3.186634,13.260979,37.550432
1.936000e+02,3.158554,12.998063,37.416889
1.937000e+02,3.136233,12.744320,37.272586
1.938000e+02,3.118491,12.499876,37.118880
1.939000e+02,3.104387,12.264741,36.956963
194,3.093175,12.038837,36.787888
1.941000e+02,3.084263,11.822022,36.612594
1.942000e+02,3.077179,11.614102,36.431919
1.943000e+02,3.071548,11.414849,36.246616
1.944000e+02,3.067072,11.224009,36.057363
1.945000e+02,3.063513,11.041314,35.864778
1.946000e+02,3.060685,10.866484,35.669418
1.947000e+02,3.058436,10.699233,35.471795
1.948000e+02,3.056649,10.539276,35.272373
1.949000e+02,3.055228,10.386330,35.071579
195,3.054099,10.240113,34.869803
1.951000e+02,3.053201,10.100350,34.667404
1.952000e+02,3.052488,9.966775,34.464712
1.953000e+02,3.051921,9.839127,34.262027
1.954000e+02,3.051470,9.717152,34.059629
1.955000e+02,3.051111,9.600609,33.857773
1.956000e+02,3.050826,9.489261,33.656692
1.957000e+02,3.050600,9.382882,33.456601
1.958000e+02,3.050420,9.281255,33.257697
1.959000e+02,3.050277,9.184171,33.060161
196,3.050163,9.091430,32.864156
1.961000e+02,3.050072,9.002839,32.669832
1.962000e+02,3.050001,8.918214,32.477326
1.963000e+02,3.049943,8.837380,32.286762
1.964000e+02,3.049898,8.760167,32.098251
1.965000e+02,3.049862,8.686415,31.911893
1.966000e+02,3.049833,8.615968,31.727780
1.967000e+02,3.049810,8.548679,31.545992
1.968000e+02,3.049792,8.484408,31.366599
1.969000e+02,3.049778,8.423018,31.189666
197,3.049766,8.364382,31.015247
1.971000e+02,3.049757,8.308375,30.843391
1.972000e+02,3.049750,8.254880,30.674137
1.973000e+02,3.049744,8.203785,30.507520
1.974000e+02,3.049740,8.154982,30.343569
1.975000e+02,3.049736,8.108368,30.182305
1.976000e+02,3.049733,8.063845,30.023748
1.977000e+02,3.049731,8.021320,29.867908
1.978000e+02,3.049729,7.980703,29.714794
1.979000e+02,3.049728,7.941907,29.564410
198,3.049726,7.904853,29.416756
1.981000e+02,3.049726,7.869460,29.271828
1.982000e+02,3.049725,7.835656,29.129618
1.983000e+02,3.049724,7.803368,28.990118
1.984000e+02,3.049724,7.772529,28.853313
1.985000e+02,3.049723,7.743074,28.719189
1.986000e+02,3.049723,7.714940,28.587726
1.987000e+02,3.049723,7.688068,28.458906
1.988000e+02,3.049723,7.662402,28.332705
1.989000e+02,3.049723,7.637888,28.209099
199,3.049722,7.614474,28.088064
1.991000e+02,3.049722,7.592110,27.969570
1.992000e+02,3.049722,7.570749,27.853590
1.993000e+02,3.049722,7.550347,27.740094
1.994000e+02,3.049722,7.530860,27.629050
1.995000e+02,3.049722,7.512248,27.520427
1.996000e+02,3.049722,7.494471,27.414191
1.997000e+02,3.049722,7.477491,27.310310
1.998000e+02,3.049722,7.461273,27.208748
1.999000e+02,3.049722,7.445783,27.109471
200,3.054368,7.431024,27.010654
2.001000e+02,3.647055,7.442920,26.698138
2.002000e+02,4.160524,7.492687,26.437987
2.003000e+02,4.602470,7.573853,26.225041
2.004000e+02,4.982857,7.680910,26.053516
2.005000e+02,5.310259,7.809153,25.918378
2.006000e+02,5.592056,7.954564,25.815240
2.007000e+02,5.834602,8.113716,25.740276
2.008000e+02,6.043362,8.283691,25.690143
2.009000e+02,6.223044,8.462006,25.661917
201,6.377698,8.646553,25.653037
2.011000e+02,6.510809,8.835546,25.661259
2.012000e+02,6.625379,9.027474,25.684608
2.013000e+02,6.723991,9.221064,25.721349
2.014000e+02,6.808866,9.415245,25.769951
2.015000e+02,6.881920,9.609121,25.829063
2.016000e+02,6.944797,9.801942,25.897487
2.017000e+02,6.998916,9.993090,25.974165
2.018000e+02,7.045497,10.182054,26.058154
2.019000e+02,7.085589,10.368414,26.148615
202,7.120097,10.551833,26.244801
2.021000e+02,7.149798,10.732040,26.346042
2.022000e+02,7.175362,10.908822,26.451739
2.023000e+02,7.197365,11.082017,26.561355
2.024000e+02,7.216304,11.251501,26.674405
2.025000e+02,7.232604,11.417188,26.790451
2.026000e+02,7.246634,11.579022,26.909101
2.027000e+02,7.258709,11.736971,27.029995
2.028000e+02,7.269103,11.891025,27.152810
2.029000e+02,7.278049,12.041192,27.277251
203,7.285748,12.187493,27.403049
2.031000e+02,7.292376,12.329963,27.529959
2.032000e+02,7.298080,12.468646,27.657758
2.033000e+02,7.302989,12.603596,27.786240
2.034000e+02,7.307215,12.734872,27.915218
2.035000e+02,7.310852,12.862539,28.044519
2.036000e+02,7.313983,12.986665,28.173985
2.037000e+02,7.316677,13.107323,28.303471
2.038000e+02,7.318996,13.224588,28.432842
2.039000e+02,7.320992,13.338536,28.561976
204,7.322710,13.449243,28.690758
2.041000e+02,7.324189,13.556789,28.819085
2.042000e+02,7.325462,13.661251,28.946860
2.043000e+02,7.326557,13.762707,29.073994
2.044000e+02,7.327500,13.861235,29.200406
2.045000e+02,7.328312,13.956911,29.326020
2.046000e+02,7.329010,14.049811,29.450767
2.047000e+02,7.329611,14.140011,29.574584
2.048000e+02,7.330129,14.227583,29.697412
2.049000e+02,7.330574,14.312600,29.819198
205,7.330957,14.395133,29.939893
2.051000e+02,7.331287,14.475252,30.059452
2.052000e+02,7.331571,14.553023,30.177834
2.053000e+02,7.331816,14.628515,30.295003
2.054000e+02,7.332026,14.701791,30.410925
2.055000e+02,7.332207,14.772914,30.525570
2.056000e+02,7.332363,14.841948,30.638911
2.057000e+02,7.332497,14.908951,30.750923
2.058000e+02,7.332613,14.973982,30.861585
2.059000e+02,7.332712,15.037099,30.970879
206,7.332798,15.098357,31.078788
2.061000e+02,7.332871,15.157809,31.185297
2.062000e+02,7.332935,15.215510,31.290394
2.063000e+02,7.332989,15.271509,31.394070
2.064000e+02,7.333036,15.325857,31.496317
2.065000e+02,7.333077,15.378601,31.597127
2.066000e+02,7.333111,15.429789,31.696496
2.067000e+02,7.333141,15.479467,31.794422
2.068000e+02,7.333167,15.527678,31.890901
2.069000e+02,7.333189,15.574466,31.985935
207,7.333208,15.619873,32.079524
2.071000e+02,7.333225,15.663939,32.171671
2.072000e+02,7.333239,15.706704,32.262378
2.073000e+02,7.333251,15.748205,32.351650
2.074000e+02,7.333262,15.788481,32.439494
2.075000e+02,7.333271,15.827567,32.525914
2.076000e+02,7.333278,15.865499,32.610919
2.077000e+02,7.333285,15.902310,32.694516
2.078000e+02,7.333291,15.938034,32.776715
2.079000e+02,7.333296,15.972702,32.857525
208,7.333300,16.006346,32.936957
2.081000e+02,7.333304,16.038996,33.015021
2.082000e+02,7.333307,16.070681,33.091728
2.083000e+02,7.333309,16.101430,33.167091
2.084000e+02,7.333312,16.131270,33.241122
2.085000e+02,7.333314,16.160228,33.313835
2.086000e+02,7.333316,16.188331,33.385241
2.087000e+02,7.333317,16.215604,33.455355
2.088000e+02,7.333318,16.242070,33.524192
2.089000e+02,7.333319,16.267754,33.591764
209,7.333320,16.292680,33.658087
2.091000e+02,7.333321,16.316868,33.723176
2.092000e+02,7.333322,16.340342,33.787045
2.093000e+02,7.333323,16.363122,33.849711
2.094000e+02,7.333323,16.385229,33.911187
2.095000e+02,7.333323,16.406683,33.971490
2.096000e+02,7.333324,16.427502,34.030636
2.097000e+02,7.333324,16.447707,34.088640
2.098000e+02,7.333324,16.467314,34.145517
2.099000e+02,7.333325,16.486342,34.201285
210,7.333325,16.504807,34.255958
2.101000e+02,7.333325,16.522727,34.309553
2.102000e+02,7.333325,16.540117,34.362086
2.103000e+02,7.333325,16.556993,34.413573
2.104000e+02,7.333326,16.573370,34.464029
2.105000e+02,7.333326,16.589264,34.513471
2.106000e+02,7.333326,16.604687,34.561914
2.107000e+02,7.333326,16.619655,34.609375
2.108000e+02,7.333326,16.634181,34.655869
2.109000e+02,7.333326,16.648277,34.701411
211,7.333326,16.661956,34.746018
2.111000e+02,7.333326,16.675232,34.789705
2.112000e+02,7.333326,16.688115,34.832487
2.113000e+02,7.333326,16.700617,34.874380
2.114000e+02,7.333326,16.712750,34.915399
2.115000e+02,7.333326,16.724524,34.955559
2.116000e+02,7.333326,16.735950,34.994874
2.117000e+02,7.333326,16.747038,35.033360
2.118000e+02,7.333326,16.757799,35.071032
2.119000e+02,7.333326,16.768242,35.107904
212,7.333326,16.778376,35.143990
2.121000e+02,7.333326,16.788210,35.179304
2.122000e+02,7.333326,16.797754,35.213861
2.123000e+02,7.333326,16.807016,35.247675
2.124000e+02,7.333326,16.816004,35.280759
2.125000e+02,7.333326,16.824727,35.313126
2.126000e+02,7.333326,16.833191,35.344791
2.127000e+02,7.333326,16.841406,35.375767
2.128000e+02,7.333326,16.849378,35.406067
2.129000e+02,7.333326,16.857114,35.435703
213,7.333326,16.864621,35.464688
2.131000e+02,7.333326,16.871907,35.493035
2.132000e+02,7.333326,16.878977,35.520757
2.133000e+02,7.333326,16.885839,35.547865
2.134000e+02,7.333326,16.892497,35.574372
2.135000e+02,7.333326,16.898959,35.600289
2.136000e+02,7.333326,16.905230,35.625628
2.137000e+02,7.333326,16.911315,35.650401
2.138000e+02,7.333326,16.917221,35.674619
2.139000e+02,7.333326,16.922952,35.698293
214,7.333326,16.928514,35.721435
2.141000e+02,7.333326,16.933911,35.744054
2.142000e+02,7.333326,16.939149,35.766162
2.143000e+02,7.333326,16.944232,35.787769
2.144000e+02,7.333326,16.949165,35.808886
2.145000e+02,7.333326,16.953952,35.829522
2.146000e+02,7.333326,16.958597,35.849687
2.147000e+02,7.333326,16.963106,35.869392
2.148000e+02,7.333326,16.967481,35.888646
2.149000e+02,7.333326,16.971726,35.907458
215,7.333326,16.975847,35.925837
2.151000e+02,7.333326,16.979845,35.943794
2.152000e+02,7.333326,16.983725,35.961336
2.153000e+02,7.333326,16.987491,35.978473
2.154000e+02,7.333326,16.991145,35.995212
2.155000e+02,7.333326,16.994691,36.011564
2.156000e+02,7.333326,16.998133,36.027535
2.157000e+02,7.333326,17.001473,36.043135
2.158000e+02,7.333326,17.004714,36.058371
2.159000e+02,7.333326,17.007859,36.073250
216,7.326217,17.010923,36.091988
2.161000e+02,6.453851,16.967214,36.619552
2.162000e+02,5.755691,16.843375,37.036453
2.163000e+02,5.200717,16.659839,37.358819
2.164000e+02,4.759565,16.432668,37.602543
2.165000e+02,4.408889,16.174458,37.780533
2.166000e+02,4.130135,15.895058,37.903305
2.167000e+02,3.908550,15.602140,37.979459
2.168000e+02,3.732411,15.301655,38.016060
2.169000e+02,3.592397,14.998189,38.018938
217,3.481099,14.695253,37.992928
2.171000e+02,3.392627,14.395506,37.942065
2.172000e+02,3.322299,14.100940,37.869732
2.173000e+02,3.266396,13.813017,37.778788
2.174000e+02,3.221958,13.532788,37.671662
2.175000e+02,3.186634,13.260979,37.550432
2.176000e+02,3.158554,12.998063,37.416889
2.177000e+02,3.136233,12.744320,37.272586
2.178000e+02,3.118491,12.499876,37.118880
2.179000e+02,3.104387,12.264741,36.956963
218,3.093175,12.038837,36.787888
2.181000e+02,3.084263,11.822022,36.612594
2.182000e+02,3.077179,11.614102,36.431919
2.183000e+02,3.071548,11.414849,36.246616
2.184000e+02,3.067072,11.224009,36.057363
2.185000e+02,3.063513,11.041314,35.864778
2.186000e+02,3.060685,10.866484,35.669418
2.187000e+02,3.058436,10.699233,35.471795
2.188000e+02,3.056649,10.539276,35.272373
2.189000e+02,3.055228,10.386330,35.071579
219,3.054099,10.240113,34.869803
2.191000e+02,3.053201,10.100350,34.667404
2.192000e+02,3.052488,9.966775,34.464712
2.193000e+02,3.051921,9.839127,34.262027
2.194000e+02,3.051470,9.717152,34.059629
2.195000e+02,3.051111,9.600609,33.857773
2.196000e+02,3.050826,9.489261,33.656692
2.197000e+02,3.050600,9.382882,33.456601
2.198000e+02,3.050420,9.281255,33.257697
2.199000e+02,3.050277,9.184171,33.060161
220,3.050163,9.091430,32.864156
2.201000e+02,3.050072,9.002839,32.669832
2.202000e+02,3.050001,8.918214,32.477326
2.203000e+02,3.049943,8.837380,32.286762
2.204000e+02,3.049898,8.760167,32.098251
2.205000e+02,3.049862,8.686415,31.911893
2.206000e+02,3.049833,8.615968,31.727780
2.207000e+02,3.049810,8.548679,31.545992
2.208000e+02,3.049792,8.484408,31.366599
2.209000e+02,3.049778,8.423018,31.189666
221,3.049766,8.364382,31.015247
2.211000e+02,3.049757,8.308375,30.843391
2.212000e+02,3.049750,8.254880,30.674137
2.213000e+02,3.049744,8.203785,30.507520
2.214000e+02,3.049740,8.154982,30.343569
2.215000e+02,3.049736,8.108368,30.182305
2.216000e+02,3.049733,8.063845,30.023748
2.217000e+02,3.049731,8.021320,29.867908
2.218000e+02,3.049729,7.980703,29.714794
2.219000e+02,3.049728,7.941907,29.564410
222,3.049726,7.904853,29.416756
2.221000e+02,3.049726,7.869460,29.271828
2.222000e+02,3.049725,7.835656,29.129618
2.223000e+02,3.049724,7.803368,28.990118
2.224000e+02,3.049724,7.772529,28.853313
2.225000e+02,3.049723,7.743074,28.719189
2.226000e+02,3.049723,7.714940,28.587726
2.227000e+02,3.049723,7.688068,28.458906
2.228000e+02,3.049723,7.662402,28.332705
2.229000e+02,3.049723,7.637888,28.209099
223,3.049722,7.614474,28.088064
2.231000e+02,3.049722,7.592110,27.969570
2.232000e+02,3.049722,7.570749,27.853590
2.233000e+02,3.049722,7.550347,27.740094
2.234000e+02,3.049722,7.530860,27.629050
2.235000e+02,3.049722,7.512248,27.520427
2.236000e+02,3.049722,7.494471,27.414191
2.237000e+02,3.049722,7.477491,27.310310
2.238000e+02,3.049722,7.461273,27.208748
2.239000e+02,3.049722,7.445783,27.109471
224,3.054368,7.431024,27.010654
2.241000e+02,3.647055,7.442920,26.698138
2.242000e+02,4.160524,7.492687,26.437987
2.243000e+02,4.602470,7.573853,26.225041
2.244000e+02,4.982857,7.680910,26.053516
2.245000e+02,5.310259,7.809153,25.918378
2.246000e+02,5.592056,7.954564,25.815240
2.247000e+02,5.834602,8.113716,25.740276
2.248000e+02,6.043362,8.283691,25.690143
2.249000e+02,6.223044,8.462006,25.661917
225,6.377698,8.646553,25.653037
2.251000e+02,6.510809,8.835546,25.661259
2.252000e+02,6.625379,9.027474,25.684608
2.253000e+02,6.723991,9.221064,25.721349
2.254000e+02,6.808866,9.415245,25.769951
2.255000e+02,6.881920,9.609121,25.829063
2.256000e+02,6.944797,9.801942,25.897487
2.257000e+02,6.998916,9.993090,25.974165
2.258000e+02,7.045497,10.182054,26.058154
2.259000e+02,7.085589,10.368414,26.148615
226,7.120097,10.551833,26.244801
2.261000e+02,7.149798,10.732040,26.346042
2.262000e+02,7.175362,10.908822,26.451739
2.263000e+02,7.197365,11.082017,26.561355
2.264000e+02,7.216304,11.251501,26.674405
2.265000e+02,7.232604,11.417188,26.790451
2.266000e+02,7.246634,11.579022,26.909101
2.267000e+02,7.258709,11.736971,27.029995
2.268000e+02,7.269103,11.891025,27.152810
2.269000e+02,7.278049,12.041192,27.277251
227,7.285748,12.187493,27.403049
2.271000e+02,7.292376,12.329963,27.529959
2.272000e+02,7.298080,12.468646,27.657758
2.273000e+02,7.302989,12.603596,27.786240
2.274000e+02,7.307215,12.734872,27.915218
2.275000e+02,7.310852,12.862539,28.044519
2.276000e+02,7.313983,12.986665,28.173985
2.277000e+02,7.316677,13.107323,28.303471
2.278000e+02,7.318996,13.224588,28.432842
2.279000e+02,7.320992,13.338536,28.561976
228,7.322710,13.449243,28.690758
2.281000e+02,7.324189,13.556789,28.819085
2.282000e+02,7.325462,13.661251,28.946860
2.283000e+02,7.326557,13.762707,29.073994
2.284000e+02,7.327500,13.861235,29.200406
2.285000e+02,7.328312,13.956911,29.326020
2.286000e+02,7.329010,14.049811,29.450767
2.287000e+02,7.329611,14.140011,29.574584
2.288000e+02,7.330129,14.227583,29.697412
2.289000e+02,7.330574,14.312600,29.819198
229,7.330957,14.395133,29.939893
2.291000e+02,7.331287,14.475252,30.059452
2.292000e+02,7.331571,14.553023,30.177834
2.293000e+02,7.331816,14.628515,30.295003
2.294000e+02,7.332026,14.701791,30.410925
2.295000e+02,7.332207,14.772914,30.525570
2.296000e+02,7.332363,14.841948,30.638911
2.297000e+02,7.332497,14.908951,30.750923
2.298000e+02,7.332613,14.973982,30.861585
2.299000e+02,7.332712,15.037099,30.970879
230,7.332798,15.098357,31.078788
2.301000e+02,7.332871,15.157809,31.185297
2.302000e+02,7.332935,15.215510,31.290394
2.303000e+02,7.332989,15.271509,31.394070
2.304000e+02,7.333036,15.325857,31.496317
2.305000e+02,7.333077,15.378601,31.597127
2.306000e+02,7.333111,15.429789,31.696496
2.307000e+02,7.333141,15.479467,31.794422
2.308000e+02,7.333167,15.527678,31.890901
2.309000e+02,7.333189,15.574466,31.985935
231,7.333208,15.619873,32.079524
2.311000e+02,7.333225,15.663939,32.171671
2.312000e+02,7.333239,15.706704,32.262378
2.313000e+02,7.333251,15.748205,32.351650
2.314000e+02,7.333262,15.788481,32.439494
2.315000e+02,7.333271,15.827567,32.525914
2.316000e+02,7.333278,15.865499,32.610919
2.317000e+02,7.333285,15.902310,32.694516
2.318000e+02,7.333291,15.938034,32.776715
2.319000e+02,7.333296,15.972702,32.857525
232,7.333300,16.006346,32.936957
2.321000e+02,7.333304,16.038996,33.015021
2.322000e+02,7.333307,16.070681,33.091728
2.323000e+02,7.333309,16.101430,33.167091
2.324000e+02,7.333312,16.131270,33.241122
2.325000e+02,7.333314,16.160228,33.313835
2.326000e+02,7.333316,16.188331,33.385241
2.327000e+02,7.333317,16.215604,33.455355
2.328000e+02,7.333318,16.242070,33.524192
2.329000e+02,7.333319,16.267754,33.591764
233,7.333320,16.292680,33.658087
2.331000e+02,7.333321,16.316868,33.723176
2.332000e+02,7.333322,16.340342,33.787045
2.333000e+02,7.333323,16.363122,33.849711
2.334000e+02,7.333323,16.385229,33.911187
2.335000e+02,7.333323,16.406683,33.971490
2.336000e+02,7.333324,16.427502,34.030636
2.337000e+02,7.333324,16.447707,34.088640
2.338000e+02,7.333324,16.467314,34.145517
2.339000e+02,7.333325,16.486342,34.201285
234,7.333325,16.504807,34.255958
2.341000e+02,7.333325,16.522727,34.309553
2.342000e+02,7.333325,16.540117,34.362086
2.343000e+02,7.333325,16.556993,34.413573
2.344000e+02,7.333326,16.573370,34.464029
2.345000e+02,7.333326,16.589264,34.513471
2.346000e+02,7.333326,16.604687,34.561914
2.347000e+02,7.333326,16.619655,34.609375
2.348000e+02,7.333326,16.634181,34.655869
2.349000e+02,7.333326,16.648277,34.701411
235,7.333326,16.661956,34.746018
2.351000e+02,7.333326,16.675232,34.789705
2.352000e+02,7.333326,16.688115,34.832487
2.353000e+02,7.333326,16.700617,34.874380
2.354000e+02,7.333326,16.712750,34.915399
2.355000e+02,7.333326,16.724524,34.955559
2.356000e+02,7.333326,16.735950,34.994874
2.357000e+02,7.333326,16.747038,35.033360
2.358000e+02,7.333326,16.757799,35.071032
2.359000e+02,7.333326,16.768242,35.107904
236,7.333326,16.778376,35.143990
2.361000e+02,7.333326,16.788210,35.179304
2.362000e+02,7.333326,16.797754,35.213861
2.363000e+02,7.333326,16.807016,35.247675
2.364000e+02,7.333326,16.816004,35.280759
2.365000e+02,7.333326,16.824727,35.313126
2.366000e+02,7.333326,16.833191,35.344791
2.367000e+02,7.333326,16.841406,35.375767
2.368000e+02,7.333326,16.849378,35.406067
2.369000e+02,7.333326,16.857114,35.435703
237,7.333326,16.864621,35.464688
2.371000e+02,7.333326,16.871907,35.493035
2.372000e+02,7.333326,16.878977,35.520757
2.373000e+02,7.333326,16.885839,35.547865
2.374000e+02,7.333326,16.892497,35.574372
2.375000e+02,7.333326,16.898959,35.600289
2.376000e+02,7.333326,16.905230,35.625628
2.377000e+02,7.333326,16.911315,35.650401
2.378000e+02,7.333326,16.917221,35.674619
2.379000e+02,7.333326,16.922952,35.698293
238,7.333326,16.928514,35.721435
2.381000e+02,7.333326,16.933911,35.744054
2.382000e+02,7.333326,16.939149,35.766162
2.383000e+02,7.333326,16.944232,35.787769
2.384000e+02,7.333326,16.949165,35.808886
2.385000e+02,7.333326,16.953952,35.829522
2.386000e+02,7.333326,16.958597,35.849687
2.387000e+02,7.333326,16.963106,35.869392
2.388000e+02,7.333326,16.967481,35.888646
2.389000e+02,7.333326,16.971726,35.907458
239,7.333326,16.975847,35.925837
2.391000e+02,7.333326,16.979845,35.943794
2.392000e+02,7.333326,16.983725,35.961336
2.393000e+02,7.333326,16.987491,35.978473
2.394000e+02,7.333326,16.991145,35.995212
2.395000e+02,7.333326,16.994691,36.011564
2.396000e+02,7.333326,16.998133,36.027535
2.397000e+02,7.333326,17.001473,36.043135
2.398000e+02,7.333326,17.004714,36.058371
2.399000e+02,7.333326,17.007859,36.073250
240,7.326217,17.010923,36.091988
